1,1.26,0.99
1.026,1.5175,0.9828
1.07515,1.77952,0.978714
1.14559,2.05225,0.978272
1.23625,2.34128,0.982217
1.34676,2.65188,0.991516
1.47727,2.9891,1.0074
1.62845,3.35796,1.03141
1.8014,3.76355,1.06546
1.99762,4.21111,1.11195
2.21897,4.70612,1.17383
2.46768,5.25432,1.25478
2.74635,5.86177,1.35935
3.05789,6.53479,1.49315
3.40558,7.27999,1.66311
3.79302,8.10412,1.87777
4.22413,9.0139,2.14761
4.70311,10.0158,2.48542
5.23438,11.1156,2.90676
5.8225,12.3179,3.43046
6.47204,13.6253,4.07906
7.18737,15.0372,4.87932
7.97236,16.5486,5.86251
8.82998,18.148,7.06458
9.76179,19.8151,8.52575
10.7671,21.518,10.2896
11.8422,23.2098,12.4006
12.979,24.825,14.9012
14.1636,26.2768,17.8252
15.3749,27.4552,21.1904
16.5829,28.2276,24.9878
17.7474,28.4448,29.169
18.8171,27.9529,33.6338
19.7307,26.6132,38.2211
20.419,24.3304,42.7076
20.8101,21.084,46.8215
20.8375,16.9564,50.2727
20.4494,12.1457,52.8005
19.619,6.95272,54.2282
18.3524,1.73748,54.5077
16.6909,-3.14469,53.7364
14.7073,-7.40888,52.1368
12.4957,-10.8847,50.0044
10.1577,-13.5254,47.6442
7.78936,-15.3856,45.3175
5.47187,-16.5806,43.2127
3.26662,-17.2473,41.4412
1.21523,-17.5139,40.0489
-0.657678,-17.4851,39.0351
-2.34042,-17.2377,38.3694
-3.83015,-16.8226,38.0055
-5.1294,-16.2712,37.8897
-6.24358,-15.6012,37.9665
-7.17934,-14.8229,38.1812
-7.9437,-13.9437,38.4818
-8.54371,-12.9717,38.8198
-8.9865,-11.9175,39.1517
-9.27961,-10.7962,39.4396
-9.43127,-9.6267,39.6527
-9.45081,-8.43144,39.7675
-9.34887,-7.23499,39.769
-9.13748,-6.06237,39.65
-8.82997,-4.93723,39.411
-8.4407,-3.88027,39.0587
-7.98466,-2.90803,38.6051
-7.47699,-2.03217,38.0652
-6.93251,-1.25928,37.4558
-6.36519,-0.591162,36.794
-5.78779,-0.0254959,36.0957
-5.21156,0.443323,35.3753
-4.64607,0.823258,34.6447
-4.09914,1.12374,33.9135
-3.57685,1.35491,33.1892
-3.08367,1.52697,32.477
-2.62261,1.64976,31.7803
-2.19537,1.7324,31.1015
-1.80259,1.78317,30.4414
-1.44402,1.80934,29.8004
-1.11868,1.81725,29.1783
-0.825089,1.81226,28.5744
-0.561354,1.79887,27.988
-0.325331,1.78082,27.4181
-0.114716,1.76112,26.8639
0.072867,1.7422,26.3247
0.239801,1.726,25.7994
0.388421,1.71402,25.2876
0.52098,1.70741,24.7885
0.639624,1.70707,24.3016
0.746368,1.71366,23.8265
0.843097,1.72767,23.3628
0.931554,1.74949,22.9101
1.01335,1.77941,22.4682
1.08995,1.81767,22.0368
1.16273,1.86449,21.6159
1.2329,1.92008,21.2053
1.30162,1.98465,20.8048
1.36992,2.05845,20.4146
1.43878,2.14178,20.0345
1.50908,2.23497,19.6646
1.58167,2.33841,19.305
1.65734,2.45255,18.9559
1.73686,2.57792,18.6175
1.82097,2.7151,18.2899
1.91038,2.86477,17.9735
2.00582,3.02766,17.6688
2.108,3.20461,17.3761
2.21766,3.39652,17.0962
2.33555,3.60436,16.8296
2.46243,3.82921,16.5772
2.59911,4.0722,16.3399
2.74642,4.33453,16.1189
2.90523,4.61749,15.9156
3.07646,4.9224,15.7314
3.26105,5.25061,15.5683
3.46001,5.60351,15.4281
3.67436,5.98246,15.3134
3.90517,6.38879,15.227
4.15353,6.82371,15.1719
4.42055,7.28829,15.1519
4.70732,7.78336,15.1711
5.01492,8.30943,15.234
5.34437,8.86653,15.3461
5.69659,9.45414,15.513
6.07235,10.0709,15.7413
6.47221,10.7146,16.038
6.89645,11.3817,16.4107
7.34497,12.0671,16.8674
7.81718,12.7641,17.4164
8.31188,13.4638,18.0659
8.82707,14.1549,18.8237
9.35985,14.8233,19.6967
9.9062,15.4523,20.6902
10.4608,16.0219,21.8071
11.0169,16.5095,23.047
11.5662,16.8901,24.4049
12.0986,17.137,25.8703
12.6024,17.2233,27.4262
13.0645,17.1234,29.0483
13.4704,16.8152,30.7044
13.8049,16.2827,32.3554
14.0526,15.5187,33.9561
14.1992,14.5265,35.4577
14.232,13.3223,36.8112
14.141,11.9351,37.971
13.9204,10.4057,38.8993
13.5689,8.78441,39.5699
13.0905,7.12666,39.9704
12.4941,5.48841,40.1039
11.7935,3.92125,39.9876
11.0063,2.46828,39.6503
10.1525,1.16133,39.1289
9.25339,0.0198546,38.4643
8.33003,-0.948642,37.6968
7.40216,-1.7469,36.8638
6.48726,-2.38555,35.9973
5.59998,-2.8805,35.1226
4.75193,-3.25055,34.2588
3.95168,-3.51546,33.4192
3.20497,-3.69446,32.6119
2.51502,-3.80532,31.8412
1.88299,-3.86387,31.1087
1.3083,-3.88377,30.4138
0.789096,-3.87651,29.7547
0.322535,-3.85159,29.129
-0.094878,-3.81672,28.534
-0.467062,-3.77805,27.9669
-0.798161,-3.74042,27.4252
-1.09239,-3.7076,26.9066
-1.35391,-3.68247,26.409
-1.58676,-3.66719,25.9306
-1.79481,-3.66335,25.4702
-1.98166,-3.67212,25.0266
-2.15071,-3.69433,24.5988
-2.30507,-3.73053,24.1863
-2.44762,-3.78114,23.7885
-2.58097,-3.84641,23.4053
-2.70751,-3.92653,23.0365
-2.82941,-4.02165,22.6821
-2.94864,-4.1319,22.3422
-3.06696,-4.25741,22.0172
-3.18601,-4.39833,21.7074
-3.30724,-4.55483,21.4134
-3.432,-4.72711,21.1358
-3.56151,-4.91542,20.8753
-3.6969,-5.12001,20.6329
-3.83921,-5.34117,20.4095
-3.98941,-5.57917,20.2064
-4.14838,-5.8343,20.0248
-4.31698,-6.1068,19.8663
-4.49596,-6.39686,19.7326
-4.68605,-6.70459,19.6256
-4.8879,-7.02997,19.5473
-5.10211,-7.37283,19.4999
-5.32918,-7.73279,19.4861
-5.56954,-8.10918,19.5085
-5.82351,-8.50103,19.5699
-6.09126,-8.90694,19.6736
-6.37283,-9.32506,19.8227
-6.66805,-9.75293,20.0205
-6.97654,-10.1875,20.2704
-7.29763,-10.6249,20.5757
-7.63036,-11.0604,20.9396
-7.97336,-11.4885,21.3647
-8.32488,-11.9027,21.8535
-8.68266,-12.2954,22.4073
-9.04393,-12.658,23.0267
-9.40534,-12.9812,23.711
-9.76293,-13.2548,24.4577
-10.1121,-13.4681,25.2626
-10.4477,-13.6102,26.1192
-10.764,-13.6706,27.0188
-11.0546,-13.6395,27.9499
-11.3131,-13.5087,28.8987
-11.5327,-13.2719,29.849
-11.7066,-12.9259,30.7826
-11.8285,-12.4709,31.6802
-11.8928,-11.9109,32.5217
-11.8946,-11.2541,33.2878
-11.8305,-10.5126,33.9607
-11.6987,-9.70225,34.5251
-11.4991,-8.84187,34.9697
-11.2334,-7.952,35.287
-10.9052,-7.0539,35.4746
-10.5201,-6.16825,35.5343
-10.0849,-5.31395,35.4725
-9.60782,-4.50721,35.299
-9.09775,-3.76087,35.026
-8.56407,-3.08404,34.6677
-8.01606,-2.48218,34.2384
-7.46268,-1.95728,33.7527
-6.91214,-1.50841,33.2237
-6.37176,-1.13225,32.6635
-5.84781,-0.823788,32.0823
-5.34541,-0.576823,31.4889
-4.86855,-0.384561,30.8899
-4.42015,-0.240019,30.2908
-4.00214,-0.13636,29.6956
-3.61556,-0.067135,29.1072
-3.26072,-0.0264331,28.5275
-2.93729,-0.00896979,27.9578
-2.64446,-0.0101205,27.3989
-2.38102,-0.0259157,26.8512
-2.14551,-0.0530105,26.3148
-1.93626,-0.0886373,25.7896
-1.7515,-0.13055,25.2755
-1.58941,-0.176964,24.7723
-1.44816,-0.226495,24.2797
-1.32599,-0.278107,23.7974
-1.22121,-0.331052,23.3251
-1.13219,-0.384832,22.8626
-1.05745,-0.439148,22.4097
-0.995624,-0.493871,21.9662
-0.945449,-0.549007,21.5318
-0.905804,-0.60467,21.1063
-0.875691,-0.661067,20.6897
-0.854229,-0.718472,20.2817
-0.840653,-0.777219,19.8822
-0.834309,-0.837689,19.4911
-0.834647,-0.900303,19.1082
-0.841213,-0.965515,18.7336
-0.853643,-1.03381,18.367
-0.87166,-1.1057,18.0085
-0.895064,-1.18174,17.658
-0.923732,-1.26249,17.3154
-0.957607,-1.34856,16.9808
-0.996702,-1.4406,16.6541
-1.04109,-1.53927,16.3353
-1.09091,-1.64532,16.0247
-1.14635,-1.75951,15.7221
-1.20767,-1.88266,15.4278
-1.27517,-2.01566,15.142
-1.34922,-2.15947,14.8649
-1.43024,-2.31509,14.5967
-1.51873,-2.48364,14.3379
-1.61522,-2.6663,14.0889
-1.72033,-2.86433,13.8502
-1.83473,-3.07911,13.6224
-1.95916,-3.31211,13.4065
-2.09446,-3.5649,13.2032
-2.2415,-3.83916,13.0138
-2.40127,-4.13668,12.8396
-2.57481,-4.45936,12.6822
-2.76326,-4.80917,12.5433
-2.96785,-5.18819,12.4254
-3.18989,-5.59854,12.3308
-3.43075,-6.04238,12.2628
-3.69192,-6.52186,12.2248
-3.97491,-7.03905,12.2211
-4.28132,-7.59586,12.2565
-4.61278,-8.19393,12.3366
-4.97089,-8.83451,12.4678
-5.35725,-9.51825,12.6576
-5.77335,-10.245,12.9144
-6.22052,-11.0135,13.2476
-6.69982,-11.821,13.6677
-7.21194,-12.6631,14.1863
-7.75705,-13.5327,14.8159
-8.33461,-14.42,15.5693
-8.94316,-15.3119,16.4598
-9.58003,-16.1908,17.4999
-10.2411,-17.0348,18.701
-10.9205,-17.8168,20.0715
-11.6101,-18.5045,21.6158
-12.2996,-19.0606,23.3319
-12.9757,-19.4442,25.2096
-13.6225,-19.6118,27.2284
-14.2214,-19.5208,29.3555
-14.7514,-19.1328,31.5445
-15.1895,-18.4186,33.736
-15.5124,-17.3632,35.859
-15.6975,-15.9704,37.8352
-15.7248,-14.2668,39.5855
-15.579,-12.3024,41.0372
-15.2513,-10.1483,42.1331
-14.741,-7.89132,42.8381
-14.0561,-5.62511,43.1446
-13.213,-3.44012,43.0724
-12.2357,-1.4142,42.6655
-11.1535,0.394367,41.9852
-9.99875,1.95027,41.1016
-8.80384,3.24076,40.0845
-7.59938,4.27226,38.9975
-6.41222,5.06528,37.8929
-5.26447,5.64898,36.8102
-4.17313,6.0563,35.7767
-3.15018,6.32027,34.8084
-2.20314,6.47154,33.9131
-1.33567,6.5371,33.0923
-0.548393,6.53975,32.3431
0.160421,6.49817,31.6604
0.794196,6.42731,31.0376
1.35751,6.33891,30.4679
1.85565,6.24202,29.9446
2.29429,6.14352,29.4615
2.67921,6.04855,29.0133
3.01614,5.96092,28.595
3.31062,5.88336,28.2029
3.56789,5.81781,27.8336
3.79289,5.76557,27.4845
3.99015,5.72746,27.1535
4.16389,5.70396,26.839
4.31789,5.69527,26.5397
4.45563,5.70137,26.2548
4.5802,5.72211,25.9838
4.69439,5.75724,25.7262
4.80068,5.80641,25.4819
4.90125,5.86923,25.251
4.99805,5.94527,25.0337
5.09277,6.03407,24.8302
5.1869,6.13516,24.6409
5.28173,6.24805,24.4663
5.37836,6.37221,24.3069
5.47774,6.50711,24.1635
5.58068,6.65219,24.0367
5.68783,6.80685,23.9272
5.79973,6.97044,23.8358
5.9168,7.14224,23.7634
6.03935,7.32149,23.7107
6.16756,7.50732,23.6787
6.30154,7.69877,23.6681
6.44126,7.89476,23.6799
6.58661,8.09408,23.7148
6.73736,8.29539,23.7736
6.89316,8.49718,23.8571
7.05356,8.69779,23.9656
7.21799,8.89538,24.0998
7.38573,9.08794,24.2599
7.55595,9.2733,24.4459
7.72768,9.44911,24.6577
7.89983,9.6129,24.8947
8.07113,9.76208,25.1562
8.24023,9.89399,25.441
8.4056,10.0059,25.7475
8.56563,10.0952,26.0736
8.71859,10.1592,26.4168
8.86266,10.1957,26.7742
8.99596,10.2024,27.1424
9.1166,10.1775,27.5173
9.22269,10.1197,27.8948
9.31239,10.0282,28.2702
9.38398,9.90278,28.6387
9.43586,9.74382,28.9952
9.46665,9.55247,29.3347
9.47523,9.3306,29.6523
9.46077,9.08073,29.9434
9.42277,8.80607,30.2036
9.3611,8.51037,30.4293
9.27602,8.19786,30.6174
9.16821,7.87309,30.7655
9.0387,7.54081,30.872
8.88891,7.20582,30.9361
8.7206,6.87277,30.9579
8.53582,6.54609,30.9381
8.33684,6.22984,30.8781
8.12614,5.9276,30.7799
7.90629,5.64242,30.646
7.6799,5.3768,30.4792
7.44959,5.13263,30.2825
7.21789,4.91126,30.0593
6.98723,4.71351,29.8126
6.75986,4.53973,29.5456
6.53785,4.38985,29.2616
6.32305,4.26347,28.9634
6.11709,4.15992,28.6537
5.92137,4.07833,28.3351
5.73707,4.01771,28.0099
5.56513,3.97696,27.6802
5.40632,3.95499,27.3479
5.26118,3.9507,27.0148
5.13014,3.96303,26.6823
5.01342,3.99099,26.352
4.91118,4.03371,26.025
4.82343,4.09036,25.7026
4.75013,4.16027,25.3859
4.69114,4.24284,25.0758
4.64631,4.33759,24.7733
4.61544,4.44414,24.4794
4.59831,4.56219,24.1949
4.5947,4.69154,23.9208
4.60438,4.83205,23.6579
4.62715,4.98366,23.4073
4.6628,5.14633,23.1697
4.71115,5.3201,22.9463
4.77205,5.50498,22.738
4.84534,5.70104,22.5459
4.93091,5.9083,22.3713
5.02865,6.12676,22.2152
5.13846,6.35639,22.079
5.26025,6.59708,21.964
5.39394,6.84862,21.8717
5.53941,7.11069,21.8037
5.69653,7.38282,21.7615
5.86516,7.66437,21.7469
6.04508,7.95448,21.7615
6.23602,8.25206,21.8071
6.43763,8.55573,21.8855
6.64944,8.8638,21.9986
6.87087,9.17422,22.148
7.10121,9.48456,22.3354
7.33954,9.79197,22.5622
7.58479,10.0932,22.8297
7.83562,10.3844,23.1386
8.0905,10.6615,23.4895
8.34759,10.9198,23.8823
8.60481,11.1543,24.3162
8.85976,11.3597,24.7897
9.10976,11.5306,25.3003
9.35184,11.6612,25.8447
9.58277,11.7461,26.4184
9.79911,11.7802,27.0156
9.99722,11.7589,27.6297
10.1734,11.6783,28.2526
10.3239,11.5359,28.8757
10.4451,11.3301,29.4891
10.5336,11.0613,30.0827
10.5863,10.7313,30.6462
10.6008,10.3438,31.1694
10.5751,9.90438,31.6425
10.5081,9.42014,32.0571
10.3993,8.89962,32.4058
10.2493,8.35245,32.6832
10.0596,7.78894,32.8856
9.83255,7.21958,33.0114
9.57125,6.65463,33.061
9.27959,6.10368,33.0367
8.962,5.57526,32.9424
8.62333,5.07656,32.7832
8.26865,4.61333,32.5653
7.90312,4.1897,32.2955
7.53178,3.80833,31.9807
7.15943,3.47043,31.6279
6.79053,3.17599,31.2438
6.42908,2.92396,30.8346
6.07856,2.71248,30.4059
5.74196,2.53911,29.9627
5.42167,2.40102,29.5092
5.11961,2.29519,29.0492
4.83717,2.21852,28.5857
4.5753,2.16801,28.1213
4.33457,2.14078,27.6581
4.11519,2.13419,27.1977
3.91709,2.14586,26.7416
3.73997,2.1737,26.2908
3.58334,2.21589,25.8463
3.4466,2.2709,25.4088
3.32903,2.3375,24.9789
3.22987,2.4147,24.5571
3.14836,2.50176,24.1439
3.0837,2.59814,23.7398
3.03514,2.70353,23.3451
3.00198,2.81778,22.9603
2.98356,2.94089,22.5857
2.97929,3.07302,22.2217
2.98867,3.21444,21.8688
3.01124,3.36554,21.5275
3.04667,3.52679,21.1983
3.09468,3.69874,20.8818
3.15509,3.88204,20.5786
3.22779,4.07737,20.2895
3.31274,4.28547,20.0154
3.41002,4.50713,19.757
3.51973,4.74315,19.5156
3.64207,4.99434,19.2922
3.7773,5.26154,19.0883
3.92572,5.54555,18.9052
4.0877,5.84713,18.7448
4.26365,6.16698,18.609
4.45398,6.50571,18.4997
4.65915,6.8638,18.4195
4.87962,7.24153,18.3709
5.11581,7.63898,18.3568
5.36813,8.05592,18.3805
5.63691,8.49174,18.4453
5.92239,8.94542,18.5551
6.22469,9.41533,18.7138
6.54376,9.89921,18.9256
6.8793,10.394,19.1948
7.23077,10.8958,19.526
7.59728,11.3996,19.9233
7.97751,11.8992,20.3909
8.36968,12.3872,20.9324
8.77144,12.8549,21.5505
9.17978,13.2921,22.247
9.59101,13.6873,23.0223
10.0006,14.0278,23.8746
10.4034,14.3001,24.7999
10.793,14.49,25.7916
11.1627,14.5835,26.8397
11.5048,14.5671,27.9308
11.811,14.4294,29.0481
12.0729,14.1613,30.1714
12.2817,13.7576,31.2777
12.4293,13.2174,32.3418
12.5081,12.5456,33.3378
12.5119,11.7525,34.2403
12.4359,10.8542,35.0259
12.2778,9.87191,35.6752
12.0372,8.83085,36.1738
11.7165,7.75865,36.5133
11.3207,6.68361,36.692
10.857,5.63277,36.7148
10.3346,4.63027,36.5921
9.76417,3.696,36.3388
9.15736,2.84483,35.9729
8.5261,2.08628,35.5139
7.88212,1.42477,34.9815
7.23639,0.860229,34.3942
6.59877,0.388917,33.7686
5.97779,0.00437314,33.1189
5.38044,-0.301665,32.4567
4.81223,-0.538442,31.7914
4.27717,-0.715507,31.1296
3.7779,-0.842212,30.4764
3.31589,-0.927348,29.8351
2.89156,-0.978924,29.2076
2.50452,-1.00405,28.5952
2.15366,-1.00892,27.9981
1.8374,-0.998792,27.4164
1.55378,-0.978081,26.8498
1.30059,-0.950429,26.2976
1.07549,-0.918783,25.7593
0.876065,-0.885496,25.2342
0.699909,-0.852411,24.7218
0.544677,-0.820942,24.2214
0.408115,-0.792151,23.7325
0.288089,-0.766813,23.2546
0.182598,-0.745474,22.7873
0.0897912,-0.728501,22.3302
0.00796197,-0.716125,21.8829
-0.0644467,-0.708476,21.4452
-0.12885,-0.705616,21.0167
-0.186526,-0.707558,20.5973
-0.238629,-0.71429,20.1867
-0.286195,-0.725792,19.7847
-0.330155,-0.742046,19.391
-0.371344,-0.763048,19.0057
-0.410515,-0.788818,18.6284
-0.448345,-0.819401,18.2591
-0.485451,-0.85488,17.8976
-0.522394,-0.895374,17.5438
-0.559692,-0.941043,17.1976
-0.597827,-0.992093,16.8589
-0.637253,-1.04878,16.5276
-0.678406,-1.1114,16.2038
-0.721705,-1.18031,15.8872
-0.767565,-1.25592,15.578
-0.816401,-1.33871,15.2761
-0.868632,-1.4292,14.9815
-0.924689,-1.52799,14.6943
-0.98502,-1.63575,14.4145
-1.05009,-1.75321,14.1423
-1.12041,-1.8812,13.8779
-1.19648,-2.02061,13.6214
-1.2789,-2.17244,13.3732
-1.36825,-2.33778,13.1335
-1.46521,-2.51782,12.9028
-1.57047,-2.71384,12.6816
-1.6848,-2.92727,12.4706
-1.80905,-3.15964,12.2705
-1.94411,-3.4126,12.0823
-2.09096,-3.68793,11.907
-2.25066,-3.98755,11.746
-2.42434,-4.3135,11.6008
-2.61326,-4.66793,11.4733
-2.81873,-5.05314,11.3659
-3.04217,-5.47148,11.281
-3.2851,-5.92539,11.2218
-3.54913,-6.41731,11.192
-3.83595,-6.94968,11.1959
-4.14732,-7.52477,11.2386
-4.48506,-8.14467,11.3259
-4.85103,-8.81107,11.4647
-5.24703,-9.52509,11.6628
-5.67484,-10.2871,11.9294
-6.13606,-11.0962,12.2745
-6.63207,-11.9501,12.7099
-7.16388,-12.8447,13.2483
-7.73196,-13.773,13.9035
-8.33606,-14.7252,14.6903
-8.97498,-15.6875,15.624
-9.64623,-16.6414,16.7195
-10.3457,-17.5631,17.9904
-11.0675,-18.423,19.4476
-11.803,-19.1853,21.0976
-12.5413,-19.8082,22.9401
-13.268,-20.2447,24.9655
-13.9656,-20.4448,27.1522
-14.6135,-20.3588,29.4644
-15.1881,-19.9412,31.8503
-15.6634,-19.157,34.242
-16.0127,-17.9877,36.5578
-16.2102,-16.4375,38.7069
-16.233,-14.5375,40.5973
-16.0634,-12.3472,42.1453
-15.6918,-9.95153,43.2858
-15.1178,-7.4534,43.9816
-14.3513,-4.96281,44.2288
-13.4125,-2.58413,44.0564
-12.3296,-0.404728,43.5219
-11.1372,1.51311,42.7014
-9.87213,3.1353,41.6788
-8.57139,4.45433,40.5357
-7.26881,5.48427,39.3432
-5.99351,6.25395,38.1577
-4.76876,6.80021,37.0197
-3.61186,7.16234,35.955
-2.53444,7.37804,34.9772
-1.5432,7.48109,34.0907
-0.640767,7.50027,33.2934
0.173337,7.45919,32.5795
0.901922,7.37666,31.9408
1.5494,7.26735,31.3686
2.12119,7.14248,30.8538
2.62332,7.01052,30.3882
3.06204,6.87777,29.9644
3.44361,6.74884,29.5757
3.77414,6.62709,29.2166
4.05943,6.5149,28.8824
4.30498,6.41394,28.5692
4.51587,6.32529,28.2739
4.69682,6.24967,27.9941
4.8521,6.18745,27.7277
4.98564,6.13879,27.4734
5.10095,6.10366,27.23
5.20122,6.0819,26.9967
5.28929,6.07326,26.7731
5.36769,6.07742,26.5589
5.43866,6.094,26.3539
5.5042,6.12259,26.1583
5.56603,6.16273,25.9721
5.6257,6.21398,25.7957
5.68453,6.27584,25.6294
5.74366,6.34785,25.4735
5.80408,6.42948,25.3287
5.86662,6.52023,25.1953
5.93198,6.61957,25.0739
6.00074,6.72695,24.9651
6.07336,6.8418,24.8694
6.15021,6.96352,24.7876
6.23154,7.09145,24.7201
6.31753,7.22493,24.6676
6.40827,7.3632,24.6307
6.50376,7.50549,24.6099
6.60393,7.65091,24.6059
6.70863,7.79855,24.619
6.81762,7.94738,24.6498
6.9306,8.09631,24.6986
7.04717,8.24416,24.7658
7.16687,8.38964,24.8514
7.28915,8.53139,24.9557
7.41337,8.66798,25.0784
7.53883,8.79789,25.2195
7.66474,8.91953,25.3783
7.79022,9.03128,25.5544
7.91432,9.13148,25.7469
8.03604,9.21849,25.9546
8.15428,9.29067,26.1764
8.26792,9.34647,26.4104
8.37578,9.38443,26.655
8.47664,9.40324,26.9079
8.5693,9.40178,27.1668
8.65255,9.37916,27.4291
8.72521,9.33477,27.6921
8.78617,9.26828,27.9527
8.83438,9.17975,28.208
8.86892,9.06958,28.4548
8.88898,8.93855,28.6901
8.89394,8.78782,28.9108
8.88333,8.61893,29.1142
8.85689,8.43377,29.2976
8.81458,8.2345,29.4586
8.75657,8.02359,29.5952
8.68327,7.80367,29.7059
8.59531,7.5775,29.7894
8.49353,7.34792,29.845
8.37897,7.11774,29.8721
8.25284,6.88969,29.8711
8.11653,6.66638,29.8423
7.97151,6.45018,29.7865
7.81938,6.24327,29.705
7.66177,6.04752,29.599
7.50034,5.86453,29.4704
7.33676,5.6956,29.3209
7.17265,5.54174,29.1523
7.00956,5.40367,28.9668
6.84897,5.28186,28.7662
6.69226,5.17657,28.5526
6.54069,5.08782,28.328
6.3954,5.01549,28.0942
6.25741,4.95931,27.8531
6.1276,4.91891,27.6064
6.00673,4.89384,27.3556
5.89544,4.88361,27.1025
5.79426,4.88768,26.8483
5.7036,4.90554,26.5946
5.62379,4.93664,26.3425
5.55508,4.98049,26.0933
5.49762,5.0366,25.8481
5.45152,5.10454,25.608
5.41682,5.1839,25.3741
5.39353,5.2743,25.1474
5.38161,5.37541,24.929
5.38099,5.48693,24.7197
5.39158,5.60857,24.5205
5.41328,5.74008,24.3325
5.44596,5.88122,24.1566
5.48949,6.03172,23.9937
5.54371,6.19132,23.845
5.60847,6.35975,23.7113
5.6836,6.53668,23.5938
5.76891,6.72175,23.4934
5.86419,6.91451,23.4113
5.96922,7.11446,23.3486
6.08375,7.32097,23.3063
6.20747,7.53331,23.2855
6.34005,7.75063,23.2874
6.48111,7.9719,23.3131
6.63019,8.19595,23.3635
6.78677,8.4214,23.4396
6.95023,8.64668,23.5424
7.11987,8.87003,23.6725
7.29489,9.08944,23.8306
7.47435,9.3027,24.017
7.65718,9.50738,24.232
7.8422,9.70083,24.4754
8.02806,9.88023,24.7466
8.21328,10.0426,25.0449
8.39621,10.1849,25.3688
8.57508,10.304,25.7166
8.74797,10.3967,26.0858
8.91285,10.4602,26.4736
9.06758,10.4917,26.8764
9.20999,10.4886,27.2902
9.33785,10.4491,27.7104
9.44898,10.3716,28.132
9.54124,10.2555,28.5493
9.61267,10.1005,28.9568
9.66145,9.90751,29.3486
9.68606,9.67814,29.7189
9.68526,9.41487,30.0619
9.65823,9.12102,30.3725
9.6045,8.80066,30.646
9.52412,8.45852,30.8784
9.41756,8.09979,31.0664
9.28578,7.73002,31.2079
9.13021,7.35484,31.3015
8.95267,6.97986,31.347
8.75539,6.61042,31.3449
8.54089,6.25145,31.2968
8.31195,5.90736,31.2048
8.07149,5.58191,31.0717
7.82253,5.27815,30.9008
7.56809,4.99846,30.6957
7.31113,4.74446,30.4601
7.05446,4.51716,30.1977
6.80073,4.31695,29.9124
6.55235,4.14372,29.6078
6.31149,3.99693,29.2871
6.08003,3.87573,28.9537
5.8596,3.77899,28.6102
5.65154,3.70544,28.2595
5.45693,3.65372,27.9037
5.27661,3.62244,27.545
5.11119,3.61022,27.1852
4.9611,3.61577,26.8261
4.82656,3.63785,26.4689
4.70769,3.67537,26.1151
4.60446,3.72735,25.7658
4.51675,3.79295,25.4221
4.44437,3.87145,25.085
4.38708,3.96229,24.7554
4.3446,4.06501,24.4341
4.31664,4.17929,24.122
4.3029,4.30489,23.82
4.3031,4.4417,23.5288
4.31696,4.58969,23.2494
4.34424,4.74887,22.9825
4.3847,4.91935,22.7292
4.43816,5.10127,22.4903
4.50448,5.29479,22.2669
4.58351,5.50008,22.0601
4.67516,5.71734,21.871
4.77938,5.94671,21.7008
4.89611,6.1883,21.551
5.02533,6.44217,21.423
5.16702,6.70827,21.3183
5.32114,6.98643,21.2385
5.48767,7.27635,21.1855
5.66654,7.57754,21.1611
5.85764,7.8893,21.1673
6.06081,8.21064,21.2061
6.27579,8.5403,21.2796
6.50224,8.87666,21.3899
6.73968,9.2177,21.5393
6.98748,9.56095,21.7298
7.24483,9.90347,21.9633
7.51069,10.2418,22.2415
7.7838,10.5719,22.5659
8.06261,10.8891,22.9375
8.34526,11.1884,23.3567
8.62958,11.464,23.8232
8.91302,11.7098,24.3361
9.1927,11.9193,24.893
9.46536,12.0857,25.4909
9.7274,12.2024,26.125
9.97489,12.2627,26.7895
10.2037,12.2608,27.4769
10.4094,12.1916,28.1784
10.5876,12.0511,28.8839
10.734,11.837,29.5822
10.8443,11.5488,30.2611
10.9147,11.1881,30.9083
10.9421,10.7588,31.5113
10.9237,10.267,32.0583
10.8581,9.72105,32.5387
10.7444,9.13103,32.9434
10.583,8.50858,33.2656
10.3756,7.86623,33.5008
10.1247,7.21683,33.6469
9.83387,6.57294,33.7046
9.50778,5.94622,33.6769
9.15162,5.34701,33.5687
8.77116,4.78391,33.3867
8.37244,4.26359,33.1386
7.96155,3.79073,32.8328
7.54447,3.36806,32.4779
7.12683,2.99654,32.0825
6.7138,2.67563,31.6544
6.30998,2.40353,31.2009
5.91934,2.17751,30.7286
5.54515,1.99422,30.2429
5.19006,1.84991,29.7486
4.85605,1.74066,29.2497
4.54451,1.66257,28.7492
4.25631,1.61189,28.2498
3.99187,1.58515,27.7534
3.7512,1.57914,27.2616
3.53399,1.59105,26.7756
3.3397,1.61841,26.2963
3.16757,1.65912,25.8244
3.01672,1.71144,25.3605
2.8862,1.77396,24.9049
2.77497,1.84555,24.458
2.68203,1.92538,24.0201
2.60637,2.01287,23.5913
2.54702,2.10765,23.1719
2.50308,2.20954,22.7622
2.47373,2.31855,22.3622
2.45821,2.43483,21.9724
2.45587,2.55866,21.5928
2.46615,2.69042,21.2237
2.48858,2.83063,20.8656
2.52278,2.97987,20.5187
2.56849,3.13881,20.1835
2.62552,3.30818,19.8605
2.69379,3.48881,19.5501
2.77329,3.68154,19.2531
2.86411,3.8873,18.9702
2.96643,4.10705,18.7021
3.0805,4.3418,18.4499
3.20663,4.59257,18.2146
3.34522,4.86042,17.9976
3.49674,5.14642,17.8002
3.66171,5.45162,17.6242
3.8407,5.77703,17.4713
4.03433,6.12364,17.3438
4.24326,6.49231,17.244
4.46817,6.88379,17.1746
4.70973,7.29865,17.1387
4.96862,7.7372,17.1396
5.24548,8.19944,17.1813
5.54088,8.68494,17.2677
5.85528,9.19275,17.4036
6.18903,9.72127,17.5938
6.54225,10.2681,17.8436
6.91484,10.8299,18.1585
7.30634,11.4021,18.5442
7.71592,11.979,19.0064
8.14222,12.5531,19.5505
8.58331,13.1156,20.1816
9.03654,13.6555,20.9037
9.49843,14.1602,21.7196
9.96461,14.6151,22.6302
10.4297,15.004,23.634
10.8871,15.3094,24.7262
11.3293,15.5127,25.8984
11.7477,15.5957,27.1379
12.1325,15.541,28.4273
12.4733,15.3337,29.7442
12.7594,14.9628,31.062
12.9797,14.4225,32.3499
13.124,13.7137,33.5749
13.183,12.8449,34.7032
13.1491,11.8328,35.7025
13.0175,10.7016,36.5443
12.7859,9.48237,37.2065
12.4556,8.21041,37.6748
12.0311,6.92325,37.944
11.5203,5.65766,38.018
10.934,4.44698,37.9094
10.2853,3.31901,37.6375
9.58868,2.29458,37.2261
8.85927,1.38697,36.7016
8.11204,0.602204,36.0904
7.36105,-0.0601177,35.4175
6.61894,-0.605521,34.7047
5.89649,-1.04325,33.9705
5.20252,-1.38487,33.2296
4.54378,-1.64309,32.493
3.92509,-1.83081,31.7684
3.3495,-1.96041,31.0612
2.81851,-2.04335,30.3743
2.33233,-2.08983,29.7093
1.89011,-2.1088,29.0663
1.49022,-2.10787,28.4451
1.13041,-2.09342,27.8448
0.808027,-2.07073,27.2643
0.520151,-2.04408,26.7022
0.263728,-2.01689,26.1576
0.035666,-1.99186,25.6291
-0.167087,-1.9711,25.1158
-0.347488,-1.95621,24.6168
-0.50836,-1.9484,24.1312
-0.652364,-1.94858,23.6585
-0.781986,-1.95742,23.1981
-0.899529,-1.9754,22.7494
-1.00712,-2.00287,22.3122
-1.10669,-2.04013,21.8861
-1.20003,-2.08739,21.471
-1.28877,-2.14486,21.0666
-1.37438,-2.21277,20.6729
-1.45822,-2.29134,20.2899
-1.54153,-2.38086,19.9175
-1.62546,-2.48165,19.5558
-1.71108,-2.59409,19.2051
-1.79938,-2.71864,18.8653
-1.89131,-2.85582,18.537
-1.98776,-3.00623,18.2202
-2.08961,-3.17057,17.9156
-2.1977,-3.34959,17.6235
-2.31289,-3.54414,17.3447
-2.43602,-3.75514,17.0797
-2.56793,-3.98361,16.8296
-2.7095,-4.23062,16.5953
-2.86161,-4.49732,16.3781
-3.02518,-4.78493,16.1792
-3.20116,-5.09468,16.0004
-3.39051,-5.42786,15.8434
-3.59424,-5.78575,15.7106
-3.81339,-6.1696,15.6043
-4.04901,-6.5806,15.5275
-4.30217,-7.01981,15.4834
-4.57394,-7.48809,15.4758
-4.86535,-7.98606,15.5087
-5.17742,-8.51395,15.5871
-5.51108,-9.07148,15.7162
-5.86712,-9.65773,15.9018
-6.24618,-10.271,16.1504
-6.64866,-10.9084,16.4689
-7.07463,-11.566,16.8648
-7.52377,-12.2381,17.3458
-7.9952,-12.9173,17.9196
-8.48741,-13.5941,18.594
-8.99808,-14.2565,19.3759
-9.52392,-14.8899,20.2712
-10.0605,-15.4771,21.2839
-10.6022,-15.998,22.4153
-11.1418,-16.4301,23.6631
-11.6706,-16.749,25.0204
-12.1784,-16.9293,26.4747
-12.6535,-16.9457,28.007
-13.0827,-16.7754,29.5911
-13.452,-16.3995,31.1939
-13.7468,-15.8058,32.7761
-13.9527,-14.9912,34.2934
-14.0565,-13.9632,35.6992
-14.0472,-12.7414,36.948
-13.9166,-11.357,37.9988
-13.6607,-9.85194,38.8193
-13.2798,-8.27543,39.3888
-12.7793,-6.68027,39.7
-12.1694,-5.11829,39.7597
-11.4643,-3.63602,39.5873
-10.6815,-2.27125,39.2124
-9.84047,-1.05088,38.6708
-8.96151,0.00968268,38.0008
-8.06439,0.905807,37.2399
-7.16737,1.64189,36.4221
-6.28644,2.22911,35.5759
-5.43489,2.68308,34.7243
-4.62309,3.0217,33.884
-3.85861,3.26351,33.0666
-3.1464,3.42637,32.2793
-2.48912,3.52675,31.5259
-1.88754,3.57925,30.8076
-1.34086,3.59645,30.1239
-0.847125,3.58897,29.4732
-0.403516,3.56556,28.8534
-0.00660845,3.53335,28.2619
0.347387,3.49803,27.6964
0.662451,3.46411,27.1547
0.942617,3.43506,26.6345
1.19186,3.41358,26.1342
1.41403,3.40169,25.6522
1.6128,3.40087,25.1873
1.79161,3.41222,24.7384
1.95367,3.43654,24.3047
2.10195,3.47436,23.8858
2.2392,3.5261,23.4811
2.36789,3.59203,23.0904
2.4903,3.67236,22.7137
2.60851,3.76728,22.3508
2.72438,3.87697,22.0021
2.83964,4.0016,21.6677
2.95584,4.1414,21.348
3.07439,4.29661,21.0434
3.19662,4.46752,20.7546
3.32371,4.65445,20.4824
3.45678,4.85777,20.2274
3.59688,5.07787,19.9908
3.74498,5.31518,19.7736
3.902,5.5701,19.5772
4.06881,5.84306,19.403
4.24623,6.13442,19.2527
4.43505,6.44451,19.1281
4.636,6.77354,19.0314
4.84975,7.12159,18.9648
5.07694,7.48856,18.9308
5.3181,7.87411,18.9324
5.5737,8.27759,18.9725
5.84409,8.69798,19.0544
6.12948,9.13379,19.1817
6.42991,9.58297,19.3579
6.74522,10.0428,19.5869
7.07498,10.5099,19.8726
7.41847,10.9798,20.2187
7.7746,11.4472,20.6289
8.14186,11.9058,21.1063
8.51826,12.3481,21.6535
8.90124,12.7652,22.2723
9.28764,13.1474,22.9631
9.67361,13.4837,23.7249
10.0546,13.7624,24.5548
10.4254,13.9712,25.4474
10.78,14.0976,26.395
11.1118,14.1297,27.3869
11.4135,14.0565,28.4092
11.6778,13.8692,29.4453
11.897,13.5618,30.4761
12.0635,13.1316,31.48
12.1703,12.5804,32.4345
12.2113,11.915,33.3169
12.1817,11.1465,34.1055
12.0781,10.2913,34.7812
11.8995,9.36937,35.3286
11.6465,8.40361,35.7369
11.3222,7.41849,36.0009
10.9318,6.43843,36.1208
10.4825,5.48629,36.1023
9.98284,4.58211,35.9553
9.44277,3.74212,35.6936
8.87271,2.97821,35.3331
8.28326,2.29778,34.8907
7.68471,1.70403,34.3832
7.08664,1.19645,33.8265
6.49762,0.771586,33.2348
5.92502,0.423735,32.6202
5.37489,0.14575,31.9929
4.85198,-0.0703222,31.3609
4.35975,-0.232688,30.7303
3.9005,-0.349393,30.1055
3.47551,-0.428025,29.4898
3.08516,-0.475522,28.8851
2.72909,-0.498073,28.2927
2.40637,-0.501081,27.7133
2.11563,-0.48917,27.147
1.85515,-0.466231,26.5937
1.62301,-0.435479,26.0531
1.41716,-0.399527,25.525
1.23549,-0.360457,25.0088
1.0759,-0.319897,24.5042
0.936319,-0.279087,24.0107
0.814778,-0.238943,23.5279
0.709406,-0.200116,23.0554
0.618454,-0.163037,22.5928
0.540305,-0.127966,22.14
0.473478,-0.0950243,21.6965
0.416627,-0.0642283,21.2621
0.368542,-0.035514,20.8366
0.328136,-0.00875874,20.4197
0.294447,0.0162025,20.0113
0.266622,0.0395629,19.6111
0.243916,0.0615339,19.219
0.225678,0.0823369,18.8348
0.211344,0.102197,18.4583
0.200429,0.121341,18.0893
0.192521,0.139992,17.7278
0.187268,0.158368,17.3735
0.184378,0.176684,17.0263
0.183608,0.195151,16.6861
0.184763,0.213972,16.3528
0.187684,0.233352,16.0261
0.19225,0.253492,15.706
0.198375,0.274592,15.3924
0.205996,0.296857,15.0851
0.215082,0.320492,14.784
0.225623,0.345713,14.489
0.237632,0.37274,14.2
0.251143,0.401805,13.9169
0.266209,0.433156,13.6395
0.282904,0.467053,13.3679
0.301319,0.503778,13.1019
0.321565,0.543631,12.8414
0.343771,0.586939,12.5863
0.368088,0.634058,12.3366
0.394685,0.685373,12.0922
0.423754,0.741305,11.853
0.455509,0.802315,11.6191
0.49019,0.868908,11.3904
0.528061,0.941638,11.1668
0.569419,1.02111,10.9485
0.614588,1.10799,10.7353
0.663929,1.20302,10.5274
0.717838,1.307,10.3249
0.776754,1.42081,10.1277
0.841159,1.54542,9.93623
0.911585,1.68191,9.7505
0.988618,1.83145,9.57082
1.0729,1.99533,9.39751
1.16514,2.17496,9.23097
1.26613,2.3719,9.07169
1.3767,2.58784,8.92029
1.49782,2.82463,8.77751
1.6305,3.0843,8.64427
1.77588,3.36906,8.52167
1.9352,3.68128,8.41107
2.1098,4.02355,8.31409
2.30118,4.39865,8.2327
2.51093,4.80954,8.16926
2.74079,5.25938,8.12664
2.99265,5.75147,8.10826
3.26853,6.28925,8.11821
3.5706,6.8762,8.16141
3.90116,7.51579,8.24371
4.26262,8.21136,8.37204
4.6575,8.96591,8.55462
5.08834,9.78192,8.80111
5.5577,10.661,9.12283
6.06803,11.6035,9.53288
6.62158,12.6081,10.0463
7.22023,13.6708,10.6803
7.86529,14.7846,11.4537
8.55722,15.9382,12.3875
9.29532,17.1148,13.5036
10.0773,18.2912,14.8244
10.8987,19.436,16.3712
11.7524,20.509,18.162
12.6281,21.4601,20.2091
13.5113,22.2294,22.5149
14.3831,22.7482,25.0681
15.2196,22.9424,27.8386
15.9919,22.7375,30.7736
16.6664,22.0666,33.7942
17.2065,20.8803,36.7961
17.5738,19.158,39.6529
17.7322,16.9185,42.2266
17.6509,14.2266,44.3821
17.3085,11.1928,46.0056
16.6969,7.96436,47.0228
15.8236,4.7085,47.4122
14.7121,1.58971,47.209
13.3999,-1.25224,46.4987
11.9347,-3.71851,45.4009
10.3693,-5.75807,44.0491
8.75661,-7.36467,42.571
7.14448,-8.56695,41.0747
5.57334,-9.4154,39.6412
4.07446,-9.97005,38.3236
2.67001,-10.291,37.1509
1.37391,-10.4324,36.1331
0.193281,-10.4398,35.2671
-0.870028,-10.3495,34.5416
-1.81797,-10.1891,33.9408
-2.65508,-9.97916,33.4472
-3.38749,-9.73474,33.0432
-4.02221,-9.46656,32.7121
-4.56665,-9.18236,32.4386
-5.02822,-8.88784,32.2092
-5.41418,-8.58731,32.0119
-5.73149,-8.28423,31.8366
-5.98677,-7.98149,31.6747
-6.18624,-7.68168,31.519
-6.33578,-7.38717,31.3638
-6.44092,-7.10017,31.2046
-6.50685,-6.82276,31.0378
-6.53844,-6.55687,30.861
-6.54028,-6.30423,30.6725
-6.51668,-6.0664,30.4714
-6.47165,-5.84469,30.2573
-6.40895,-5.64015,30.0304
-6.33207,-5.45363,29.7913
-6.24423,-5.28567,29.5408
-6.14837,-5.1366,29.28
-6.0472,-5.00654,29.0102
-5.94313,-4.89538,28.7328
-5.83836,-4.80288,28.449
-5.73481,-4.72864,28.1605
-5.63419,-4.67215,27.8684
-5.53799,-4.63284,27.5743
-5.44747,-4.61008,27.2794
-5.36373,-4.60324,26.9849
-5.28768,-4.61165,26.6921
-5.22008,-4.63469,26.4021
-5.16154,-4.67175,26.116
-5.11256,-4.72228,25.8349
-5.07353,-4.78575,25.5596
-5.04476,-4.86171,25.2912
-5.02645,-4.94974,25.0306
-5.01878,-5.0495,24.7788
-5.02185,-5.16067,24.5367
-5.03573,-5.28298,24.3051
-5.06046,-5.41622,24.085
-5.09603,-5.56017,23.8774
-5.14245,-5.71466,23.6832
-5.19967,-5.8795,23.5034
-5.26765,-6.05451,23.3391
-5.34634,-6.23949,23.1912
-5.43565,-6.43419,23.061
-5.53551,-6.63832,22.9495
-5.64579,-6.8515,22.858
-5.76636,-7.0733,22.7876
-5.89705,-7.30313,22.7398
-6.03766,-7.54029,22.7156
-6.18792,-7.78394,22.7166
-6.34753,-8.03304,22.7439
-6.51608,-8.28634,22.7989
-6.6931,-8.54238,22.8829
-6.87803,-8.79945,22.997
-7.07017,-9.05557,23.1423
-7.26871,-9.30846,23.3197
-7.47269,-9.55558,23.5299
-7.68098,-9.79406,23.7733
-7.89228,-10.0208,24.0502
-8.10513,-10.2323,24.36
-8.31785,-10.425,24.7022
-8.52856,-10.5951,25.0753
-8.73521,-10.7385,25.4774
-8.93554,-10.8515,25.9058
-9.12714,-10.9301,26.3574
-9.30744,-10.9707,26.8278
-9.47377,-10.9701,27.3124
-9.62341,-10.9256,27.8054
-9.75362,-10.8351,28.3007
-9.86177,-10.6974,28.7915
-9.94533,-10.5123,29.2706
-10.002,-10.2808,29.7307
-10.0299,-10.0049,30.1644
-10.0274,-9.6878,30.5646
-9.99345,-9.33376,30.9247
-9.92748,-8.94814,31.239
-9.82955,-8.53711,31.5025
-9.70031,-8.10746,31.7116
-9.54102,-7.66634,31.8639
-9.35355,-7.22103,31.958
-9.1403,-6.7786,31.9943
-8.90413,-6.34572,31.974
-8.64829,-5.92842,31.8995
-8.3763,-5.53189,31.7743
-8.09186,-5.16042,31.6021
-7.79872,-4.81734,31.3877
-7.50058,-4.50497,31.1356
-7.20102,-4.22473,30.8508
-6.90339,-3.9772,30.538
-6.61077,-3.76222,30.2018
-6.32592,-3.57904,29.8465
-6.05123,-3.42644,29.476
-5.78875,-3.30286,29.0938
-5.54016,-3.20652,28.7031
-5.3068,-3.1355,28.3067
-5.08967,-3.08787,27.9069
-4.88949,-3.06173,27.506
-4.70671,-3.05527,27.1056
-4.54157,-3.06681,26.7072
-4.39409,-3.09486,26.3124
-4.26417,-3.13806,25.9221
-4.15156,-3.19529,25.5375
-4.05593,-3.26557,25.1594
-3.97689,-3.34812,24.7887
-3.91402,-3.44235,24.426
-3.86685,-3.54782,24.0723
-3.83495,-3.66422,23.728
-3.81787,-3.7914,23.394
-3.81523,-3.92934,23.0708
-3.82664,-4.07811,22.7593
-3.85179,-4.23787,22.4602
-3.89039,-4.40887,22.1742
-3.94224,-4.59143,21.9023
-4.00716,-4.7859,21.6452
-4.08503,-4.99269,21.4041
-4.1758,-5.21221,21.18
-4.27944,-5.44488,20.974
-4.39598,-5.6911,20.7875
-4.5255,-5.95125,20.622
-4.66807,-6.22563,20.4789
-4.82383,-6.51446,20.3599
-4.99289,-6.81786,20.2669
-5.17539,-7.13579,20.202
-5.37143,-7.46801,20.1673
-5.58109,-7.81405,20.1651
-5.80438,-8.17319,20.1979
-6.04126,-8.54432,20.2683
-6.29157,-8.92597,20.3791
-6.55501,-9.31618,20.5331
-6.83113,-9.71247,20.7332
-7.11926,-10.1118,20.982
-7.41851,-10.5103,21.2822
-7.72769,-10.9035,21.6363
-8.04527,-11.2863,22.0461
-8.36937,-11.6524,22.5132
-8.69767,-11.9951,23.0382
-9.02741,-12.3067,23.6207
-9.35534,-12.579,24.2593
-9.6777,-12.8031,24.9509
-9.99025,-12.9702,25.6909
-10.2882,-13.0712,26.4729
-10.5665,-13.0976,27.2882
-10.8196,-13.0418,28.1264
-11.0419,-12.8977,28.9749
-11.2274,-12.6611,29.8196
-11.3708,-12.3302,30.6447
-11.4667,-11.9061,31.4339
-11.5107,-11.3933,32.1704
-11.4989,-10.7994,32.8385
-11.429,-10.135,33.4235
-11.2996,-9.41379,33.9134
-11.111,-8.65146,34.2988
-10.8651,-7.86509,34.5741
-10.5651,-7.07215,34.7372
-10.2158,-6.28965,34.7896
-9.82315,-5.53314,34.7364
-9.39415,-4.81609,34.5852
-8.93635,-4.14931,34.3459
-8.45764,-3.54072,34.0298
-7.96595,-2.99534,33.6486
-7.46889,-2.51542,33.2143
-6.97354,-2.10082,32.7378
-6.48627,-1.74942,32.2296
-6.01258,-1.45758,31.6985
-5.55708,-1.22063,31.1521
-5.12344,-1.03326,30.5969
-4.71442,-0.889871,30.0379
-4.33197,-0.784896,29.4791
-3.97726,-0.712972,28.9235
-3.65083,-0.66911,28.3734
-3.35266,-0.648786,27.8304
-3.08227,-0.647984,27.2955
-2.83884,-0.663218,26.7696
-2.62128,-0.691515,26.253
-2.4283,-0.730393,25.7461
-2.25851,-0.777821,25.2489
-2.11044,-0.832176,24.7615
-1.98262,-0.892201,24.2838
-1.87357,-0.956957,23.8158
-1.78191,-1.02578,23.3575
-1.7063,-1.09825,22.9086
-1.64549,-1.17414,22.4692
-1.59836,-1.25341,22.0391
-1.56386,-1.33615,21.6183
-1.54109,-1.42259,21.2069
-1.52924,-1.51305,20.8047
-1.52762,-1.60796,20.4117
-1.53566,-1.7078,20.028
-1.55287,-1.81314,19.6537
-1.5789,-1.92462,19.2888
-1.61347,-2.04291,18.9334
-1.65641,-2.16877,18.5877
-1.70765,-2.30299,18.2519
-1.76718,-2.44642,17.9261
-1.83511,-2.59998,17.6109
-1.9116,-2.76464,17.3064
-1.9969,-2.94141,17.0131
-2.09135,-3.13139,16.7315
-2.19536,-3.33574,16.4624
-2.30939,-3.55568,16.2064
-2.43402,-3.79248,15.9644
-2.56987,-4.04751,15.7374
-2.71763,-4.32216,15.5267
-2.87808,-4.61792,15.3336
-3.05207,-4.93629,15.1598
-3.24049,-5.27882,15.0073
-3.44432,-5.64706,14.8782
-3.6646,-6.04255,14.7751
-3.90239,-6.46676,14.7011
-4.15883,-6.92107,14.6594
-4.43505,-7.40667,14.6541
-4.73221,-7.9245,14.6895
-5.05144,-8.47514,14.7707
-5.39381,-9.05866,14.9034
-5.7603,-9.67448,15.0939
-6.15171,-10.3212,15.3493
-6.56866,-10.9962,15.6773
-7.01141,-11.6957,16.086
-7.47984,-12.414,16.5843
-7.97326,-13.1438,17.1812
-8.49031,-13.8749,17.8856
-9.02877,-14.5949,18.7059
-9.58539,-15.2881,19.6495
-10.1557,-15.9357,20.7219
-10.7337,-16.5155,21.9259
-11.3118,-17.0023,23.2601
-11.8809,-17.3684,24.7181
-12.4296,-17.5847,26.2873
-12.9451,-17.6217,27.9473
-13.4128,-17.4523,29.6695
-13.8168,-17.0539,31.4169
-14.1405,-16.4112,33.1449
-14.3675,-15.5196,34.8026
-14.4827,-14.387,36.3363
-14.4732,-13.0358,37.6933
-14.3294,-11.5025,38.8261
-14.0467,-9.8362,39.6978
-13.6257,-8.09468,40.2855
-13.0726,-6.33974,40.5828
-12.3993,-4.63145,40.5999
-11.6225,-3.02284,40.3622
-10.7626,-1.55582,39.9062
-9.84188,-0.258842,39.2756
-8.88358,0.853473,38.5155
-7.90987,1.77909,37.6694
-6.94098,2.52614,36.7753
-5.99426,3.10997,35.8644
-5.08384,3.55028,34.9607
-4.22043,3.86865,34.081
-3.41152,4.08661,33.2361
-2.66171,4.22438,32.432
-1.9731,4.3001,31.6709
-1.34578,4.32953,30.9526
-0.778247,4.32597,30.2753
-0.267825,4.30042,29.6362
0.188999,4.2618,29.0319
0.596279,4.21723,28.4593
0.958374,4.17232,27.9153
1.27977,4.13141,27.397
1.56493,4.09781,26.9019
1.81822,4.07402,26.428
2.0438,4.06186,25.9735
2.24561,4.06266,25.5371
2.42731,4.07734,25.1175
2.59231,4.10653,24.7142
2.74374,4.15064,24.3263
2.88443,4.20993,23.9537
3.01698,4.28455,23.5961
3.14373,4.37457,23.2534
3.26682,4.48004,22.9259
3.38814,4.60101,22.6137
3.50943,4.73749,22.3173
3.63223,4.88955,22.0372
3.75796,5.05723,21.7741
3.88789,5.24063,21.5286
4.02317,5.43982,21.3018
4.16483,5.6549,21.0946
4.31384,5.88595,20.9083
4.47105,6.13302,20.744
4.63725,6.39611,20.6033
4.81313,6.67515,20.4879
4.99933,6.96996,20.3994
5.1964,7.28024,20.3399
5.40478,7.60549,20.3114
5.62485,7.94499,20.3162
5.85687,8.29774,20.3568
6.10095,8.66242,20.4356
6.3571,9.03729,20.5554
6.62512,9.42018,20.7188
6.90463,9.80837,20.9285
7.195,10.1985,21.1872
7.49536,10.5867,21.4972
7.80449,10.9683,21.8608
8.12087,11.3377,22.2796
8.44256,11.6889,22.7547
8.76719,12.0148,23.2865
9.09196,12.3079,23.8741
9.41355,12.56,24.5157
9.7282,12.7624,25.2077
10.0316,12.9064,25.9451
10.3191,12.9835,26.7209
10.5855,12.9856,27.5263
10.8255,12.9059,28.3503
11.0336,12.7389,29.1805
11.2041,12.4813,30.0024
11.3318,12.1321,30.8008
11.4119,11.6934,31.5596
11.44,11.1703,32.2628
11.413,10.5709,32.8954
11.3288,9.90649,33.444
11.1866,9.19068,33.8974
10.987,8.43905,34.2476
10.7322,7.66824,34.4898
10.4258,6.89506,34.623
10.0727,6.1356,34.6494
9.67903,5.40447,34.5744
9.25157,4.71408,34.4061
8.79782,4.07428,34.1541
8.32547,3.49211,33.8294
7.84213,2.97187,33.4436
7.3551,2.51526,33.0078
6.87112,2.12178,32.5326
6.39619,1.78912,32.0277
5.93548,1.5136,31.5016
5.49329,1.29063,30.9614
5.07303,1.11504,30.4131
4.67723,0.981477,29.8614
4.30765,0.8846,29.3101
3.96535,0.81932,28.762
3.65074,0.780911,28.2192
3.36376,0.765098,27.6834
3.10389,0.768098,27.1554
2.87032,0.786632,26.6362
2.66195,0.817912,26.126
2.47754,0.859618,25.6253
2.31575,0.909856,25.1341
2.17516,0.967126,24.6524
2.05436,1.03027,24.1804
1.95195,1.09843,23.718
1.8666,1.17103,23.2651
1.79704,1.2477,22.8216
1.74211,1.32828,22.3876
1.70072,1.41277,21.963
1.67193,1.50132,21.5478
1.65487,1.59418,21.1419
1.6488,1.69173,20.7455
1.65309,1.79443,20.3584
1.66723,1.90281,19.9809
1.69079,2.01747,19.613
1.72345,2.13911,19.2549
1.76502,2.26843,18.9067
1.81536,2.40625,18.5686
1.87445,2.5534,18.2409
1.94234,2.71079,17.9239
2.01919,2.8794,17.6181
2.10521,3.06023,17.3239
2.20071,3.25439,17.0418
2.30608,3.463,16.7726
2.42177,3.68728,16.517
2.54832,3.9285,16.276
2.68634,4.18798,16.0506
2.83651,4.46711,15.8421
2.99957,4.7673,15.6519
3.17634,5.09001,15.4819
3.36771,5.43673,15.3339
3.57461,5.80892,15.2103
3.79804,6.20801,15.1138
4.03904,6.63535,15.0473
4.29867,7.09216,15.0143
4.57802,7.57945,15.0189
4.87816,8.09793,15.0655
5.20014,8.64792,15.1593
5.54492,9.22918,15.3058
5.91334,9.84077,15.5114
6.30608,10.4809,15.7831
6.72356,11.1465,16.1284
7.16585,11.8332,16.5552
7.63258,12.535,17.0721
8.12282,13.2437,17.6874
8.63491,13.9489,18.4094
9.16631,14.6376,19.2457
9.71344,15.2937,20.2025
10.2715,15.8981,21.284
10.8341,16.429,22.4913
11.3936,16.8615,23.8214
11.9404,17.169,25.2661
12.4633,17.3237,26.8108
12.9493,17.2987,28.4337
13.3843,17.0696,30.1051
13.7528,16.6171,31.7876
14.0392,15.93,33.4372
14.2283,15.0074,35.0049
14.3062,13.8606,36.4401
14.2617,12.5146,37.6942
14.0869,11.0069,38.7251
13.7789,9.38596,39.5012
13.3396,7.70736,40.0044
12.7764,6.02894,40.2325
12.1017,4.40578,40.1981
11.3321,2.88555,39.9273
10.4874,1.50508,39.4558
9.58919,0.288617,38.8245
8.65913,-0.752251,38.0757
7.71799,-1.61719,37.249
6.78448,-2.31486,36.3792
5.87454,-2.8602,35.4946
5.00107,-3.27187,34.6167
4.17377,-3.57006,33.7607
3.39939,-3.7748,32.9365
2.68197,-3.90486,32.1494
2.02329,-3.9771,31.4017
1.42325,-4.00615,30.6932
0.880309,-4.00442,30.0223
0.391836,-3.98218,29.3866
-0.0455658,-3.94779,28.7833
-0.435789,-3.90796,28.2094
-0.783006,-3.86797,27.6623
-1.0915,-3.83193,27.1393
-1.36554,-3.80301,26.6384
-1.60929,-3.78357,26.1575
-1.82672,-3.77539,25.6953
-2.02159,-3.77973,25.2503
-2.1974,-3.79752,24.8217
-2.35741,-3.82939,24.4087
-2.50461,-3.87575,24.0108
-2.64172,-3.93691,23.6277
-2.77124,-4.01304,23.2591
-2.89542,-4.10429,22.9052
-3.01631,-4.21077,22.5659
-3.13576,-4.33257,22.2416
-3.25544,-4.46981,21.9326
-3.37687,-4.62263,21.6395
-3.50145,-4.79119,21.3628
-3.63042,-4.97568,21.1033
-3.76495,-5.1763,20.8619
-3.90609,-5.39329,20.6395
-4.05481,-5.62686,20.4374
-4.21201,-5.87724,20.2568
-4.37853,-6.14461,20.0992
-4.55514,-6.4291,19.9663
-4.74254,-6.73076,19.8598
-4.94136,-7.0495,19.7818
-5.15217,-7.3851,19.7345
-5.37547,-7.7371,19.7203
-5.61163,-8.1048,19.7418
-5.86095,-8.48717,19.8018
-6.12357,-8.88279,19.9032
-6.39949,-9.28977,20.0491
-6.68852,-9.70569,20.2426
-6.99024,-10.1275,20.4869
-7.30396,-10.5514,20.7851
-7.62871,-10.9729,21.1401
-7.96312,-11.3865,21.5544
-8.30545,-11.7859,22.03
-8.6535,-12.1638,22.5683
-9.00453,-12.5122,23.1695
-9.3553,-12.8221,23.8328
-9.70198,-13.0837,24.5557
-10.0402,-13.287,25.3339
-10.3648,-13.4219,26.1613
-10.6705,-13.4782,27.0292
-10.9513,-13.447,27.9268
-11.2009,-13.3206,28.8409
-11.4129,-13.0932,29.7561
-11.5809,-12.7618,30.6553
-11.699,-12.3267,31.5201
-11.7617,-11.7916,32.3318
-11.7647,-11.1642,33.0721
-11.7047,-10.4558,33.7241
-11.5798,-9.68129,34.2734
-11.3899,-8.85802,34.709
-11.1368,-8.00529,35.0238
-10.8236,-7.14302,35.2148
-10.4555,-6.29068,35.2837
-10.0391,-5.46623,35.2357
-9.58178,-4.68517,35.0798
-9.09212,-3.95995,34.8271
-8.5789,-3.29963,34.4906
-8.05097,-2.70981,34.0838
-7.51686,-2.1929,33.6203
-6.98446,-1.7485,33.1128
-6.46087,-1.37392,32.5726
-5.95217,-1.06475,32.0099
-5.46343,-0.815421,31.4331
-4.99863,-0.619701,30.849
-4.56073,-0.471093,30.263
-4.15177,-0.363172,29.6792
-3.77291,-0.289822,29.1007
-3.4246,-0.245395,28.5296
-3.10668,-0.224803,27.9675
-2.81849,-0.223566,27.4151
-2.559,-0.237816,26.8731
-2.32688,-0.264275,26.3417
-2.12062,-0.300219,25.821
-1.93858,-0.343424,25.311
-1.77907,-0.392119,24.8114
-1.64037,-0.444925,24.3222
-1.52083,-0.500806,23.843
-1.41882,-0.559018,23.3738
-1.33284,-0.619066,22.9142
-1.26147,-0.680661,22.4642
-1.20339,-0.743687,22.0235
-1.15742,-0.80817,21.592
-1.12249,-0.874256,21.1695
-1.09767,-0.942185,20.7559
-1.08212,-1.01228,20.3511
-1.07514,-1.08493,19.9551
-1.07611,-1.16057,19.5676
-1.08456,-1.23971,19.1888
-1.10007,-1.32287,18.8184
-1.12235,-1.41065,18.4566
-1.15118,-1.50365,18.1033
-1.18643,-1.60254,17.7586
-1.22804,-1.70803,17.4224
-1.27604,-1.82084,17.0949
-1.33052,-1.94179,16.7763
-1.39165,-2.0717,16.4666
-1.45965,-2.21149,16.1661
-1.53484,-2.36211,15.875
-1.61756,-2.52459,15.5938
-1.70827,-2.70002,15.3228
-1.80744,-2.88958,15.0624
-1.91566,-3.09453,14.8134
-2.03354,-3.31619,14.5764
-2.16181,-3.556,14.3523
-2.30123,-3.81548,14.1421
-2.45265,-4.09623,13.9471
-2.61701,-4.39993,13.7686
-2.7953,-4.72837,13.6084
-2.98861,-5.08337,13.4684
-3.19809,-5.46683,13.351
-3.42496,-5.88065,13.2588
-3.67053,-6.32673,13.195
-3.93615,-6.80688,13.1633
-4.22322,-7.32281,13.168
-4.53318,-7.87597,13.2139
-4.86746,-8.46749,13.3067
-5.22746,-9.098,13.4527
-5.61452,-9.76748,13.6592
-6.02981,-10.475,13.9344
-6.47433,-11.2183,14.2874
-6.94873,-11.994,14.7279
-7.45325,-12.7963,15.2668
-7.98756,-13.6173,15.9152
-8.55053,-14.4465,16.6846
-9.14013,-15.2695,17.5861
-9.75306,-16.0687,18.6301
-10.3846,-16.8218,19.8247
-11.0283,-17.5026,21.175
-11.6758,-18.0802,22.6818
-12.3162,-18.5204,24.3392
-12.9366,-18.7861,26.1334
-13.5216,-18.8397,28.041
-14.0534,-18.6457,30.0276
-14.5126,-18.1743,32.0474
-14.8788,-17.4052,34.044
-15.1314,-16.3319,35.9528
-15.2515,-14.9652,37.705
-15.2228,-13.3354,39.2333
-15.0341,-11.492,40.4787
-14.6799,-9.501,41.3968
-14.162,-7.43935,41.9636
-13.4897,-5.38743,42.1779
-12.6795,-3.42099,42.0611
-11.7536,-1.6039,41.6536
-10.7387,0.0169363,41.0091
-9.66311,1.41377,40.1871
-8.55542,2.57728,39.2467
-7.44215,3.51372,38.2413
-6.34657,4.24075,37.215
-5.28783,4.78318,36.2015
-4.28073,5.16903,35.2246
-3.33576,5.42661,34.2988
-2.45952,5.58245,33.4318
-1.65532,5.66023,32.6259
-0.923768,5.6802,31.8797
-0.263371,5.65923,31.1896
0.328889,5.61104,30.5509
0.857105,5.54654,29.9583
1.32605,5.47429,29.4067
1.74087,5.4009,28.8912
2.10688,5.33137,28.4074
2.42932,5.26948,27.9516
2.71334,5.21796,27.5205
2.9638,5.17879,27.1117
3.1853,5.15333,26.723
3.3821,5.14247,26.3526
3.55814,5.14676,25.9995
3.717,5.16647,25.6627
3.86195,5.20169,25.3414
3.99592,5.25234,25.0355
4.12157,5.31828,24.7447
4.24124,5.39927,24.469
4.35704,5.49503,24.2086
4.47084,5.60528,23.9638
4.58428,5.72968,23.7352
4.69882,5.86789,23.5231
4.81573,6.01957,23.3284
4.93611,6.18435,23.1517
5.06094,6.36182,22.9939
5.19103,6.55156,22.856
5.32708,6.75307,22.739
5.46968,6.96579,22.644
5.61929,7.1891,22.5721
5.77627,7.42221,22.5246
5.94086,7.66427,22.5029
6.1132,7.9142,22.5081
6.2933,8.17079,22.5418
6.48105,8.43258,22.6051
6.67621,8.6979,22.6996
6.87838,8.96479,22.8263
7.08702,9.23101,22.9864
7.30142,9.49402,23.1808
7.52068,9.75094,23.4104
7.7437,9.9986,23.6756
7.96919,10.2335,23.9763
8.19562,10.4518,24.3123
8.42124,10.6495,24.6827
8.64407,10.8224,25.0858
8.8619,10.9661,25.5196
9.07232,11.0762,25.981
9.27271,11.1486,26.4663
9.4603,11.1794,26.9707
9.63221,11.1649,27.4889
9.78548,11.1025,28.0145
9.91718,10.9901,28.5407
10.0245,10.8265,29.0598
10.1047,10.612,29.5639
10.1554,10.3479,30.0449
10.1747,10.0367,30.4949
10.1609,9.68253,30.9062
10.113,9.29041,31.2719
10.0308,8.86662,31.586
9.91436,8.41825,31.8437
9.76475,7.95299,32.0414
9.58357,7.47882,32.1772
9.3731,7.00371,32.2504
9.13616,6.53528,32.2618
8.87607,6.08056,32.2137
8.59652,5.64574,32.1091
8.30144,5.23604,31.9523
7.9949,4.85559,31.7479
7.68097,4.50739,31.5011
7.36361,4.1934,31.2173
7.04659,3.91455,30.9018
6.73339,3.67093,30.5596
6.42714,3.46187,30.1956
6.13061,3.28614,29.8141
5.84617,3.14206,29.4193
5.57576,3.02767,29.0146
5.32095,2.94082,28.6032
5.08293,2.87932,28.1876
4.86257,2.84099,27.7702
4.66041,2.82375,27.3529
4.47675,2.82567,26.9375
4.31164,2.84499,26.5252
4.16498,2.88012,26.1174
4.03649,2.92973,25.715
3.92581,2.99267,25.3189
3.8325,3.068,24.93
3.75605,3.15497,24.549
3.69594,3.25305,24.1765
3.65165,3.36183,23.8132
3.62267,3.4811,23.4597
3.60851,3.61076,23.1167
3.60874,3.75087,22.7846
3.62295,3.90157,22.4643
3.65081,4.06311,22.1563
3.69204,4.23582,21.8616
3.74642,4.4201,21.5807
3.81379,4.61639,21.3147
3.89405,4.82519,21.0645
3.98716,5.04701,20.8311
4.09315,5.28238,20.6157
4.21207,5.53181,20.4196
4.34404,5.79578,20.2442
4.48922,6.07474,20.0911
4.64777,6.36904,19.962
4.8199,6.67894,19.8587
5.0058,7.00455,19.7835
5.20568,7.34581,19.7385
5.41969,7.70242,19.7261
5.64796,8.07381,19.749
5.89055,8.45909,19.81
6.1474,8.85693,19.9121
6.41835,9.26556,20.0583
6.70307,9.68262,20.2519
7.00103,10.1052,20.4959
7.31144,10.5295,20.7934
7.63325,10.9511,21.1474
7.96503,11.3646,21.5604
8.30499,11.7639,22.0344
8.65088,12.1417,22.5707
8.99997,12.49,23.1696
9.34897,12.7998,23.8303
9.69406,13.0616,24.5504
10.0308,13.2654,25.3256
10.3543,13.4011,26.1497
10.659,13.4586,27.0143
10.9389,13.4291,27.9085
11.1879,13.3048,28.8194
11.3996,13.0801,29.7315
11.5677,12.7519,30.628
11.6861,12.3204,31.4905
11.7495,11.7893,32.3005
11.7535,11.1661,33.0397
11.6948,10.4621,33.6913
11.5715,9.69191,34.241
11.3835,8.87282,34.6776
11.1325,8.02394,34.9941
10.8216,7.16508,35.1875
10.456,6.31562,35.2591
10.0419,5.49345,35.2143
9.58708,4.71406,35.0617
9.09978,3.98991,34.8124
8.58879,3.3301,34.4792
8.06292,2.74031,34.0756
7.53066,2.22304,33.6151
6.9999,1.77795,33.1102
6.4777,1.40247,32.5724
5.97018,1.09225,32.0118
5.48239,0.841817,31.4368
5.01833,0.644979,30.8542
4.581,0.495295,30.2695
4.17243,0.386376,29.6868
3.79382,0.312132,29.1092
3.44565,0.26693,28.5388
3.12778,0.245693,27.9773
2.83957,0.243947,27.4254
2.58001,0.257824,26.8838
2.34779,0.284043,26.3528
2.14142,0.319875,25.8324
1.95926,0.363094,25.3226
1.79964,0.41192,24.8233
1.66087,0.46497,24.3342
1.54128,0.521204,23.8553
1.43927,0.579874,23.3862
1.35333,0.640481,22.9268
1.28205,0.702733,22.4769
1.22412,0.766514,22.0364
1.17836,0.83185,21.6051
1.14371,0.898887,21.1828
1.11922,0.967867,20.7694
1.10409,1.03911,20.3648
1.09759,1.11302,19.969
1.09913,1.19004,19.5819
1.10822,1.27067,19.2033
1.12447,1.35545,18.8333
1.14757,1.44497,18.4719
1.17731,1.53986,18.119
1.21356,1.64079,17.7748
1.25629,1.74847,17.4392
1.3055,1.86366,17.1124
1.36132,1.98716,16.7945
1.4239,2.11984,16.4856
1.4935,2.26259,16.1861
1.57041,2.4164,15.8962
1.65501,2.58232,15.6162
1.74774,2.76145,15.3466
1.84911,2.95498,15.0879
1.9597,3.16419,14.8408
2.08015,3.39043,14.606
2.21117,3.63514,14.3844
2.35357,3.89985,14.1771
2.5082,4.18619,13.9853
2.676,4.49584,13.8106
2.85798,4.83059,13.6547
3.05524,5.19227,13.5197
3.26895,5.58275,13.4079
3.50033,6.00393,13.3223
3.75069,6.45766,13.266
4.02138,6.94571,13.2429
4.31382,7.46969,13.2573
4.6294,8.03097,13.3144
4.96956,8.63051,13.4199
5.33566,9.26878,13.5804
5.72897,9.94547,13.8034
6.15062,10.6593,14.0971
6.60149,11.4079,14.4707
7.08213,12.1869,14.9344
7.5926,12.9904,15.4988
8.13238,13.8096,16.1751
8.70011,14.6332,16.9747
9.29341,15.4461,17.9083
9.90868,16.2295,18.9856
10.5408,16.9604,20.214
11.1827,17.6115,21.5975
11.8256,18.1513,23.135
12.4582,18.5451,24.8188
13.0669,18.756,26.6328
13.6358,18.7471,28.5509
14.1469,18.4845,30.5362
14.5807,17.9409,32.5405
14.9167,17.0994,34.5056
15.135,15.958,36.3661
15.2173,14.5322,38.0541
15.1488,12.8569,39.5044
14.9196,10.9856,40.662
14.5262,8.98663,41.4877
13.9722,6.93751,41.9634
13.2688,4.91714,42.0934
12.4336,2.99795,41.904
11.49,1.2392,41.4387
10.4649,-0.3173,40.7523
9.38672,-1.64865,39.904
8.28318,-2.74956,38.9512
7.17991,-3.62917,37.9444
6.099,-4.30688,36.925
5.05841,-4.80815,35.9238
4.07176,-5.16088,34.9621
3.14849,-5.39276,34.0527
2.29437,-5.5294,33.2019
1.51199,-5.59345,32.411
0.801446,-5.60421,31.6782
0.16088,-5.57765,30.9997
-0.412973,-5.5267,30.3707
-0.924345,-5.46164,29.7861
-1.37807,-5.39051,29.2409
-1.77932,-5.31951,28.7304
-2.13334,-5.25332,28.2504
-2.44534,-5.19544,27.7975
-2.72035,-5.14844,27.3686
-2.96316,-5.11413,26.9613
-3.17825,-5.09377,26.5736
-3.36981,-5.08817,26.204
-3.54164,-5.09781,25.8514
-3.69726,-5.12293,25.5149
-3.83982,-5.16358,25.194
-3.9722,-5.21969,24.8884
-4.09695,-5.29109,24.598
-4.21636,-5.37756,24.3228
-4.33248,-5.47883,24.0631
-4.44712,-5.59461,23.8192
-4.56187,-5.72459,23.5916
-4.67814,-5.86845,23.3809
-4.79717,-6.02585,23.1878
-4.92004,-6.19644,23.0131
-5.04768,-6.37983,22.8577
-5.18089,-6.5756,22.7226
-5.32036,-6.78326,22.6088
-5.46665,-7.00225,22.5176
-5.62021,-7.23194,22.45
-5.78138,-7.47154,22.4074
-5.9504,-7.72015,22.3913
-6.12738,-7.97669,22.4028
-6.31231,-8.23989,22.4435
-6.50507,-8.50823,22.5148
-6.70538,-8.77997,22.6179
-6.91284,-9.05305,22.7543
-7.12686,-9.32515,22.925
-7.34669,-9.59358,23.1311
-7.57138,-9.85535,23.3733
-7.79978,-10.1071,23.652
-8.03051,-10.3452,23.9673
-8.26197,-10.5655,24.3188
-8.49233,-10.764,24.7053
-8.7195,-10.9362,25.1253
-8.94117,-11.0775,25.5764
-9.1548,-11.1834,26.0553
-9.35766,-11.2496,26.558
-9.54686,-11.272,27.0796
-9.71938,-11.2472,27.6141
-9.87216,-11.1722,28.155
-10.0022,-11.0452,28.6948
-10.1065,-10.8653,29.2257
-10.1823,-10.6327,29.7393
-10.2274,-10.3493,30.2271
-10.2396,-10.018,30.6811
-10.2174,-9.64333,31.0933
-10.16,-9.23084,31.4567
-10.0671,-8.78733,31.7654
-9.93912,-8.32039,32.0147
-9.77725,-7.83816,32.2014
-9.58334,-7.349,32.3237
-9.35991,-6.86115,32.3815
-9.11003,-6.38243,32.3761
-8.83727,-5.91994,32.31
-8.54554,-5.47985,32.187
-8.23897,-5.06725,32.0115
-7.9218,-4.68607,31.7888
-7.59822,-4.33907,31.5242
-7.27231,-4.0279,31.2234
-6.94787,-3.7532,30.8919
-6.6284,-3.51475,30.5348
-6.31704,-3.31158,30.1571
-6.01649,-3.1422,29.7632
-5.72906,-3.0047,29.3569
-5.45663,-2.89691,28.9419
-5.20065,-2.81654,28.5212
-4.96224,-2.76127,28.0972
-4.74215,-2.72884,27.6723
-4.54082,-2.71709,27.2483
-4.35844,-2.72405,26.8267
-4.195,-2.74795,26.4089
-4.0503,-2.78722,25.996
-3.92399,-2.84052,25.5889
-3.81564,-2.90672,25.1886
-3.72475,-2.98493,24.7958
-3.65077,-3.07443,24.411
-3.59313,-3.17471,24.035
-3.55129,-3.28543,23.6684
-3.5247,-3.4064,23.3117
-3.51287,-3.53758,22.9656
-3.51534,-3.67906,22.6305
-3.53172,-3.83103,22.3072
-3.56165,-3.99377,21.9964
-3.60486,-4.16766,21.6987
-3.66114,-4.35313,21.415
-3.73034,-4.55069,21.146
-3.81237,-4.76086,20.8929
-3.90722,-4.9842,20.6565
-4.01492,-5.22128,20.4381
-4.13556,-5.47267,20.239
-4.26927,-5.73891,20.0606
-4.41623,-6.02047,19.9044
-4.57666,-6.31779,19.7721
-4.75077,-6.63117,19.6658
-4.93881,-6.9608,19.5876
-5.14101,-7.30666,19.5396
-5.35757,-7.66855,19.5244
-5.58867,-8.04595,19.5448
-5.8344,-8.43802,19.6036
-6.09476,-8.84352,19.7038
-6.36964,-9.26072,19.8487
-6.65875,-9.68732,20.0416
-6.9616,-10.1204,20.2858
-7.27748,-10.5562,20.5847
-7.60535,-10.9903,20.9412
-7.94385,-11.4172,21.3582
-8.29119,-11.8307,21.838
-8.64514,-12.2233,22.3822
-9.00295,-12.5867,22.9912
-9.36133,-12.9118,23.6646
-9.71637,-13.1885,24.4
-10.0636,-13.4064,25.1935
-10.3979,-13.5548,26.0388
-10.7136,-13.6232,26.9274
-11.0045,-13.6019,27.8484
-11.2643,-13.4825,28.7882
-11.4861,-13.2589,29.7312
-11.6634,-12.9275,30.6595
-11.7898,-12.488,31.5541
-11.8596,-11.9441,32.3953
-11.8681,-11.3034,33.1639
-11.8116,-10.5775,33.8421
-11.6882,-9.78171,34.4147
-11.4975,-8.93414,34.8697
-11.2412,-8.05495,35.1995
-10.9226,-7.1651,35.401
-10.5468,-6.28507,35.4756
-10.1206,-5.43378,35.4289
-9.65196,-4.62759,35.2703
-9.14953,-3.87959,35.0115
-8.62253,-3.19927,34.6663
-8.08021,-2.59248,34.2488
-7.53143,-2.06164,33.7733
-6.98445,-1.60621,33.2531
-6.44663,-1.22325,32.7002
-5.92429,-0.908013,32.1251
-5.42266,-0.654551,31.5364
-4.94585,-0.45624,30.9411
-4.49689,-0.306214,30.3449
-4.07782,-0.197705,29.7517
-3.68981,-0.124295,29.1648
-3.33326,-0.0800739,28.5861
-3.00794,-0.059738,28.017
-2.71312,-0.0586289,27.4585
-2.44767,-0.072735,26.9109
-2.21018,-0.0986654,26.3745
-1.99903,-0.133606,25.8491
-1.81249,-0.175266,25.3348
-1.64876,-0.221819,24.8313
-1.50607,-0.271845,24.3383
-1.38265,-0.324274,23.8557
-1.27681,-0.378333,23.383
-1.18696,-0.433499,22.9202
-1.11162,-0.489459,22.467
-1.0494,-0.546071,22.0231
-0.999067,-0.603332,21.5883
-0.959493,-0.661356,21.1626
-0.92968,-0.720347,20.7457
-0.908746,-0.780585,20.3375
-0.89593,-0.842412,19.9378
-0.890578,-0.90622,19.5466
-0.892143,-0.972442,19.1637
-0.900172,-1.04155,18.7891
-0.91431,-1.11405,18.4227
-0.934284,-1.19047,18.0645
-0.959903,-1.27139,17.7143
-0.991052,-1.35741,17.3722
-1.02769,-1.44917,17.0382
-1.06984,-1.54733,16.7124
-1.11758,-1.65261,16.3947
-1.17109,-1.76579,16.0852
-1.23056,-1.88766,15.7842
-1.29627,-2.01911,15.4918
-1.36855,-2.16106,15.2081
-1.4478,-2.31451,14.9335
-1.53447,-2.48054,14.6683
-1.62908,-2.66031,14.413
-1.7322,-2.85505,14.1681
-1.84449,-3.06609,13.9342
-1.96665,-3.29487,13.7121
-2.09947,-3.54292,13.5026
-2.24381,-3.81186,13.307
-2.40062,-4.10342,13.1264
-2.5709,-4.41945,12.9623
-2.75575,-4.76186,12.8167
-2.95636,-5.13265,12.6916
-3.17399,-5.5339,12.5895
-3.40998,-5.96769,12.5134
-3.66575,-6.4361,12.4666
-3.94279,-6.94116,12.4532
-4.24262,-7.48472,12.4778
-4.56683,-8.06842,12.5458
-4.91699,-8.69351,12.6634
-5.29464,-9.36067,12.8375
-5.70125,-10.0699,13.0764
-6.13811,-10.82,13.389
-6.6063,-11.6086,13.7854
-7.10653,-12.4316,14.2765
-7.63904,-13.2826,14.8745
-8.20339,-14.1524,15.5916
-8.79829,-15.0288,16.4408
-9.42134,-15.8955,17.4342
-10.0688,-16.732,18.5831
-10.7351,-17.5128,19.8962
-11.4129,-18.2077,21.3783
-12.0923,-18.7813,23.0287
-12.7612,-19.1946,24.8392
-13.4046,-19.406,26.7919
-14.0047,-19.3739,28.8574
-14.5416,-19.0601,30.9935
-14.9935,-18.4342,33.1453
-15.3376,-17.4784,35.2463
-15.5516,-16.1922,37.2221
-15.6157,-14.5961,38.9958
-15.5137,-12.7331,40.4952
-15.2357,-10.6673,41.6607
-14.7788,-8.47928,42.4527
-14.1489,-6.25855,42.8568
-13.3598,-4.0939,42.8852
-12.4332,-2.06433,42.5744
-11.3964,-0.231612,41.9796
-10.2799,1.36387,41.1664
-9.11551,2.70371,40.2028
-7.93358,3.78903,39.1523
-6.76132,4.63592,38.0687
-5.6216,5.27033,36.9939
-4.53241,5.72323,35.9577
-3.50684,6.02667,34.9791
-2.55349,6.21115,34.0682
-1.67703,6.30399,33.2283
-0.878924,6.32863,32.458
-0.158169,6.30453,31.7532
0.488101,6.24742,31.1081
1.06403,6.16977,30.5165
1.57461,6.0813,29.9718
2.02528,5.98944,29.4681
2.42169,5.89981,29.0001
2.7695,5.81659,28.5629
3.07421,5.74284,28.1528
3.34108,5.68071,27.7663
3.57504,5.63172,27.4007
3.78071,5.59682,27.054
3.96232,5.57662,26.7246
4.12375,5.57139,26.411
4.26851,5.5812,26.1126
4.39978,5.60595,25.8286
4.5204,5.64543,25.5586
4.6329,5.69934,25.3027
4.73955,5.76731,25.0606
4.84232,5.84895,24.8328
4.94298,5.94383,24.6193
5.04307,6.05149,24.4208
5.14391,6.17148,24.2375
5.24667,6.30331,24.0702
5.35233,6.44645,23.9195
5.46174,6.60039,23.7862
5.57561,6.76453,23.671
5.6945,6.93826,23.5747
5.81888,7.12087,23.4983
5.94908,7.31161,23.4427
6.08533,7.50961,23.4088
6.22776,7.71391,23.3976
6.37637,7.92339,23.4101
6.53108,8.13683,23.4471
6.69165,8.35281,23.5096
6.85777,8.56977,23.5983
7.02897,8.78593,23.7141
7.20466,8.99933,23.8573
7.38413,9.2078,24.0286
7.5665,9.40898,24.2279
7.75074,9.6003,24.4553
7.9357,9.77904,24.7103
8.12003,9.94231,24.9921
8.30226,10.0871,25.2996
8.48075,10.2105,25.631
8.65372,10.3093,25.9843
8.81927,10.3806,26.3568
8.97541,10.4217,26.7451
9.12004,10.4301,27.1456
9.25104,10.4037,27.554
9.36631,10.341,27.9653
9.46378,10.2408,28.3746
9.54148,10.1029,28.7763
9.59763,9.92785,29.1647
9.63065,9.71678,29.5343
9.63926,9.47186,29.8794
9.62252,9.19598,30.1948
9.57987,8.89283,30.4758
9.51116,8.56672,30.7182
9.41672,8.22252,30.9186
9.2973,7.86546,31.0745
9.15412,7.50096,31.1843
8.9888,7.13445,31.2473
8.80337,6.77122,31.2636
8.60015,6.41619,31.2345
8.38175,6.07386,31.1616
8.15097,5.74813,31.0474
7.91068,5.44225,30.895
7.66384,5.15882,30.7076
7.41334,4.89972,30.4888
7.16198,4.66622,30.2423
6.9124,4.45896,29.9716
6.66706,4.27808,29.6804
6.42816,4.12327,29.372
6.19767,3.99384,29.0497
5.97729,3.88884,28.7162
5.76844,3.80715,28.3743
5.57231,3.74748,28.0264
5.38983,3.70853,27.6747
5.2217,3.68898,27.3211
5.06843,3.68754,26.9673
4.93034,3.703,26.6149
4.80761,3.73427,26.2652
4.70027,3.78033,25.9194
4.60828,3.84032,25.5787
4.53148,3.9135,25.2441
4.46968,3.99925,24.9165
4.42264,4.09707,24.597
4.39008,4.20661,24.2862
4.37174,4.32758,23.9852
4.36732,4.45982,23.6947
4.37657,4.60325,23.4155
4.39924,4.75786,23.1487
4.4351,4.9237,22.895
4.48396,5.10088,22.6555
4.54565,5.28952,22.4311
4.62004,5.48976,22.2229
4.70701,5.70177,22.0321
4.80649,5.92566,21.8598
4.9184,6.16153,21.7075
5.04272,6.40941,21.5764
5.17939,6.66924,21.468
5.32837,6.94086,21.3841
5.48962,7.22397,21.3263
5.66306,7.5181,21.2963
5.84856,7.82255,21.2961
6.04596,8.1364,21.3277
6.255,8.45844,21.3931
6.47535,8.78712,21.4943
6.70652,9.12052,21.6334
6.94792,9.45629,21.8124
7.19876,9.79164,22.0332
7.45805,10.1233,22.2974
7.72457,10.4473,22.6064
7.99684,10.7595,22.9613
8.27311,11.0548,23.3625
8.55128,11.3279,23.8098
8.82895,11.573,24.3023
9.10335,11.7837,24.8381
9.37138,11.9537,25.414
9.62962,12.0765,26.026
9.87431,12.1458,26.6684
10.1015,12.1559,27.3343
10.3069,12.1016,28.0155
10.4864,11.9789,28.7025
10.6356,11.7855,29.3846
10.7506,11.5204,30.0504
10.8276,11.1847,30.6879
10.8633,10.7819,31.2852
10.8552,10.3172,31.8307
10.8014,9.79815,32.3141
10.701,9.23419,32.7261
10.5544,8.6361,33.0598
10.3625,8.01572,33.31
10.1278,7.3853,33.4745
9.85359,6.757,33.553
9.54393,6.14227,33.5477
9.20377,5.55137,33.463
8.83853,4.99306,33.3046
8.45398,4.47428,33.0799
8.05601,4.00009,32.7965
7.65042,3.57368,32.4628
7.24274,3.19651,32.087
6.83812,2.86854,31.6768
6.44116,2.58843,31.2394
6.05589,2.35389,30.7813
5.68569,2.16192,30.3082
5.33331,2.00906,29.825
5.00089,1.89164,29.3356
4.68996,1.80593,28.8435
4.40156,1.74831,28.3514
4.13623,1.71536,27.8613
3.89415,1.70394,27.375
3.67513,1.71124,26.8939
3.47874,1.73478,26.4189
3.30434,1.77244,25.9508
3.15115,1.82242,25.4904
3.01828,1.88328,25.038
2.90478,1.95385,24.5941
2.80969,2.03324,24.159
2.73204,2.12083,23.7329
2.67092,2.2162,23.3162
2.62545,2.31914,22.9091
2.59482,2.42961,22.5118
2.5783,2.54772,22.1246
2.57524,2.67373,21.7478
2.58509,2.808,21.3817
2.60738,2.95101,21.0266
2.64174,3.10333,20.6831
2.6879,3.26559,20.3514
2.74567,3.43852,20.0321
2.81496,3.62291,19.7259
2.89575,3.81959,19.4334
2.98813,4.02946,19.1553
3.09227,4.25346,18.8926
3.20839,4.49255,18.6463
3.3368,4.74773,18.4175
3.4779,5.02,18.2076
3.63211,5.31037,18.018
3.79993,5.61982,17.8505
3.98192,5.9493,17.7071
4.17866,6.29966,17.5898
4.39076,6.67167,17.5013
4.61885,7.06593,17.4442
4.86356,7.48283,17.4216
5.12549,7.92249,17.4371
5.40519,8.38466,17.4945
5.70313,8.86866,17.5978
6.01969,9.37322,17.7516
6.35504,9.89641,17.9608
6.70918,10.4354,18.2305
7.0818,10.9865,18.5661
7.47228,11.5448,18.9728
7.87953,12.1039,19.456
8.30196,12.656,20.0206
8.73737,13.1919,20.6709
9.18282,13.7004,21.4101
9.63458,14.1685,22.24
10.088,14.5818,23.1602
10.5374,14.9242,24.168
10.976,15.1788,25.2573
11.3963,15.328,26.4182
11.7895,15.355,27.6366
12.146,15.2443,28.8942
12.4559,14.9832,30.1679
12.7086,14.5634,31.4308
12.8941,13.9817,32.653
13.0028,13.242,33.8028
13.0268,12.355,34.8485
12.9596,11.3393,35.761
12.7976,10.2201,36.5153
12.5398,9.02818,37.0929
12.1886,7.79766,37.4832
11.7495,6.56381,37.684
11.231,5.36035,37.7015
10.6439,4.21717,37.5495
10.0012,3.15856,37.2474
9.31697,2.20213,36.8183
8.60549,1.3585,36.2871
7.88079,0.631771,35.6783
7.15589,0.0203441,35.0145
6.44233,-0.48181,34.3157
5.74992,-0.883868,33.5983
