1.026,1.2575,0.9928
1.07329,1.5257,0.989051
1.14147,1.80986,0.989476
1.23065,2.11522,0.995044
1.34138,2.4471,1.00703
1.47465,2.81099,1.02707
1.63189,3.21265,1.05726
1.81491,3.65815,1.10029
2.02596,4.15395,1.15956
2.26771,4.70692,1.23939
2.54321,5.32432,1.34524
2.85598,6.01379,1.48401
3.2099,6.7832,1.66434
3.60924,7.64046,1.89707
4.05863,8.5932,2.19567
4.56287,9.64821,2.57677
5.12691,10.8107,3.0607
5.7555,12.0832,3.67199
6.45293,13.4639,4.43975
7.22249,14.9452,5.3977
8.06583,16.5102,6.58371
8.98205,18.1308,8.03834
9.96661,19.7637,9.80212
11.01,21.3478,11.9109
12.0961,22.802,14.3891
13.2015,24.0267,17.241
14.2938,24.9076,20.4402
15.3322,25.3271,23.9206
16.2689,25.1803,27.5712
17.0528,24.3956,31.2386
17.634,22.9547,34.7408
17.971,20.9057,37.8912
18.0365,18.3621,40.5289
17.8215,15.4871,42.5447
17.3367,12.4658,43.8963
16.6102,9.47528,44.6078
15.6828,6.66059,44.7547
14.6013,4.1224,44.4429
13.414,1.91591,43.7875
12.1655,0.0577946,42.897
10.8945,-1.46337,41.8638
9.63274,-2.67658,40.7607
8.40466,-3.61976,39.641
7.22824,-4.33353,38.5416
6.11582,-4.85728,37.4856
5.07508,-5.22689,36.4864
4.11006,-5.47386,35.5499
3.22195,-5.62501,34.677
2.40984,-5.70279,33.8658
1.67127,-5.72566,33.1123
1.00273,-5.70869,32.4116
0.399985,-5.66402,31.7586
-0.141615,-5.60139,31.1481
-0.626948,-5.52857,30.5756
-1.06095,-5.45167,30.0366
-1.4485,-5.37551,29.5273
-1.79434,-5.30383,29.0446
-2.10302,-5.23952,28.5857
-2.37883,-5.18477,28.1483
-2.62583,-5.14122,27.7305
-2.84778,-5.11008,27.3309
-3.04818,-5.0922,26.9484
-3.23026,-5.08815,26.5822
-3.39696,-5.0983,26.2315
-3.55099,-5.12285,25.8961
-3.69481,-5.16186,25.5757
-3.83064,-5.21532,25.2704
-3.9605,-5.28311,24.9802
-4.08621,-5.36509,24.7053
-4.20941,-5.46106,24.4462
-4.33155,-5.57077,24.2033
-4.45396,-5.69395,23.9771
-4.57778,-5.83029,23.7684
-4.70405,-5.97946,23.5777
-4.83366,-6.14104,23.4061
-4.96739,-6.31458,23.2542
-5.10589,-6.49957,23.1231
-5.24973,-6.69539,23.0139
-5.39932,-6.90133,22.9274
-5.55498,-7.11654,22.865
-5.71693,-7.34004,22.8276
-5.88524,-7.57069,22.8164
-6.05987,-7.80714,22.8324
-6.24063,-8.04787,22.8769
-6.42721,-8.29111,22.9506
-6.61912,-8.53484,23.0544
-6.81574,-8.77683,23.189
-7.01625,-9.01457,23.3548
-7.21967,-9.24533,23.5519
-7.42485,-9.46616,23.7801
-7.63044,-9.67391,24.0388
-7.8349,-9.8653,24.3269
-8.03655,-10.037,24.6428
-8.23353,-10.1856,24.9844
-8.42386,-10.3079,25.3488
-8.60545,-10.4008,25.7327
-8.77614,-10.4617,26.1321
-8.93377,-10.4881,26.5426
-9.07619,-10.4786,26.9592
-9.20137,-10.4318,27.3766
-9.30742,-10.3477,27.7892
-9.39266,-10.2265,28.1912
-9.45568,-10.0698,28.5771
-9.49542,-9.87947,28.9415
-9.51117,-9.65854,29.2795
-9.5026,-9.41053,29.5865
-9.46983,-9.13954,29.8588
-9.41336,-8.85008,30.0936
-9.33411,-8.54691,30.2884
-9.23335,-8.23485,30.4422
-9.1127,-7.91869,30.5543
-8.97405,-7.60296,30.6251
-8.81949,-7.2919,30.6556
-8.65129,-6.9893,30.6472
-8.47182,-6.69848,30.6021
-8.28348,-6.42223,30.5227
-8.08865,-6.16282,30.4118
-7.88965,-5.92199,30.2721
-7.68872,-5.701,30.1066
-7.48792,-5.50067,29.9184
-7.28921,-5.32141,29.7102
-7.09432,-5.16331,29.4849
-6.90483,-5.02619,29.2452
-6.72213,-4.90963,28.9935
-6.54741,-4.81305,28.7322
-6.38171,-4.73575,28.4634
-6.22588,-4.67695,28.1891
-6.08063,-4.63584,27.9112
-5.9465,-4.61157,27.6312
-5.82394,-4.60332,27.3508
-5.71326,-4.61028,27.0714
-5.61469,-4.63172,26.7942
-5.52836,-4.66692,26.5205
-5.45434,-4.71524,26.2515
-5.39264,-4.77609,25.9881
-5.34323,-4.84896,25.7314
-5.30601,-4.93336,25.4825
-5.2809,-5.02889,25.2421
-5.26775,-5.13517,25.0114
-5.26643,-5.25186,24.7912
-5.27677,-5.37867,24.5824
-5.29859,-5.51529,24.3859
-5.33173,-5.66145,24.2028
-5.37599,-5.81686,24.0339
-5.43117,-5.98121,23.8803
-5.49707,-6.15416,23.7429
-5.57345,-6.3353,23.6227
-5.66008,-6.52419,23.5207
-5.75668,-6.72027,23.4381
-5.86295,-6.92292,23.3757
-5.97853,-7.13137,23.3347
-6.10305,-7.34473,23.3161
-6.23604,-7.56196,23.3207
-6.37699,-7.78186,23.3496
-6.5253,-8.00304,23.4034
-6.68029,-8.22393,23.483
-6.84117,-8.44277,23.5888
-7.00705,-8.6576,23.7212
-7.17692,-8.86629,23.8804
-7.34967,-9.06652,24.0661
-7.52403,-9.25583,24.278
-7.69864,-9.43166,24.5151
-7.87201,-9.59137,24.7762
-8.04254,-9.73233,25.0597
-8.20853,-9.85194,25.3635
-8.36823,-9.94776,25.6849
-8.51981,-10.0175,26.0211
-8.66145,-10.0594,26.3684
-8.79134,-10.0717,26.7231
-8.90773,-10.0535,27.081
-9.00898,-10.0041,27.4376
-9.0936,-9.92367,27.7886
-9.1603,-9.81283,28.1292
-9.20804,-9.67286,28.455
-9.23601,-9.50565,28.7618
-9.24373,-9.31364,29.0457
-9.23104,-9.09976,29.3032
-9.1981,-8.86734,29.5314
-9.14538,-8.61999,29.7279
-9.07367,-8.36149,29.8911
-8.98405,-8.0957,30.0198
-8.87786,-7.82641,30.1137
-8.75664,-7.55726,30.1728
-8.62211,-7.29165,30.1979
-8.47613,-7.03268,30.1902
-8.32062,-6.78307,30.1512
-8.15756,-6.54518,30.0827
-7.98891,-6.32096,29.987
-7.8166,-6.11196,29.8662
-7.64248,-5.91936,29.7228
-7.46832,-5.74399,29.5591
-7.29574,-5.58638,29.3775
-7.12626,-5.44676,29.1805
-6.96125,-5.32514,28.9701
-6.80192,-5.22133,28.7487
-6.64935,-5.13502,28.5181
-6.50448,-5.06573,28.2804
-6.3681,-5.01294,28.0374
-6.24089,-4.97606,27.7906
-6.12338,-4.95447,27.5417
-6.01603,-4.94753,27.2921
-5.91918,-4.95461,27.0432
-5.83308,-4.97512,26.7962
-5.75791,-5.00848,26.5523
-5.69379,-5.05412,26.3126
-5.64077,-5.11155,26.0783
-5.59887,-5.18027,25.8502
-5.56805,-5.25986,25.6294
-5.54825,-5.3499,25.4169
-5.53938,-5.45001,25.2135
-5.54133,-5.55981,25.0202
-5.55394,-5.67895,24.8379
-5.57708,-5.80708,24.6675
-5.61055,-5.94385,24.5099
-5.65419,-6.08887,24.366
-5.70777,-6.24174,24.2367
-5.77106,-6.40201,24.1229
-5.84382,-6.56918,24.0255
-5.92576,-6.74269,23.9455
-6.01657,-6.92187,23.8836
-6.11589,-7.106,23.8408
-6.22333,-7.29422,23.8178
-6.33845,-7.48558,23.8155
-6.46072,-7.67897,23.8346
-6.5896,-7.87317,23.8756
-6.72443,-8.0668,23.9392
-6.86448,-8.25836,24.0256
-7.00895,-8.44619,24.1351
-7.15695,-8.62849,24.2677
-7.30747,-8.80336,24.4231
-7.45943,-8.96877,24.6009
-7.61166,-9.12266,24.8004
-7.76288,-9.26289,25.0204
-7.91175,-9.38734,25.2596
-8.05685,-9.49395,25.5161
-8.1967,-9.58078,25.7879
-8.32982,-9.64603,26.0724
-8.45469,-9.68816,26.3669
-8.56982,-9.70593,26.6684
-8.67378,-9.69841,26.9733
-8.7652,-9.66513,27.2783
-8.84286,-9.60602,27.5796
-8.90565,-9.52148,27.8736
-8.95268,-9.41239,28.1566
-8.98324,-9.28011,28.4251
-8.99686,-9.1264,28.6759
-8.99331,-8.95346,28.906
-8.97262,-8.76377,29.1128
-8.93508,-8.56013,29.2942
-8.88121,-8.34546,29.4485
-8.81178,-8.12282,29.5745
-8.72778,-7.89528,29.6714
-8.63037,-7.66582,29.7392
-8.52089,-7.43731,29.7779
-8.40078,-7.21242,29.7882
-8.27159,-6.99358,29.7712
-8.13492,-6.78295,29.728
-7.99241,-6.58239,29.6602
-7.84565,-6.39347,29.5696
-7.69625,-6.21745,29.4579
-7.54572,-6.05532,29.3271
-7.39551,-5.9078,29.1792
-7.24699,-5.77536,29.0161
-7.10141,-5.65827,28.8397
-6.9599,-5.55661,28.652
-6.82351,-5.47029,28.4547
-6.69315,-5.39913,28.2496
-6.56962,-5.34283,28.0385
-6.45361,-5.301,27.8227
-6.34572,-5.27323,27.6039
-6.24644,-5.25905,27.3835
-6.15616,-5.25798,27.1626
-6.07522,-5.26952,26.9427
-6.00386,-5.29321,26.7248
-5.94227,-5.32855,26.51
-5.89056,-5.3751,26.2995
-5.84881,-5.4324,26.0943
-5.81705,-5.50003,25.8953
-5.79526,-5.57757,25.7034
-5.7834,-5.66463,25.5197
-5.78139,-5.76082,25.3449
-5.78913,-5.86575,25.1799
-5.80648,-5.97902,25.0257
-5.8333,-6.10025,24.883
-5.86941,-6.229,24.7528
-5.9146,-6.36484,24.6357
-5.96866,-6.50726,24.5327
-6.03132,-6.65575,24.4446
-6.10231,-6.8097,24.372
-6.1813,-6.96847,24.3158
-6.26795,-7.13131,24.2768
-6.36186,-7.29741,24.2554
-6.46258,-7.46586,24.2525
-6.56963,-7.63564,24.2685
-6.68245,-7.80563,24.3038
-6.80043,-7.97462,24.3589
-6.9229,-8.14127,24.4339
-7.0491,-8.30415,24.5289
-7.17821,-8.46173,24.6438
-7.30936,-8.6124,24.7783
-7.44157,-8.7545,24.9319
-7.57381,-8.88632,25.1039
-7.70499,-9.00613,25.2931
-7.83394,-9.11223,25.4984
-7.95947,-9.203,25.7182
-8.08035,-9.2769,25.9507
-8.19532,-9.33254,26.1937
-8.30314,-9.36873,26.445
-8.40259,-9.38452,26.702
-8.49248,-9.37922,26.9619
-8.57172,-9.35249,27.2219
-8.63931,-9.30429,27.479
-8.69436,-9.23495,27.7301
-8.73612,-9.14517,27.9725
-8.76403,-9.03601,28.2031
-8.77769,-8.90885,28.4193
-8.77691,-8.76538,28.6188
-8.76167,-8.60756,28.7992
-8.73219,-8.43756,28.9589
-8.68887,-8.2577,29.0962
-8.63228,-8.07041,29.2101
-8.56319,-7.87813,29.2999
-8.48253,-7.6833,29.3652
-8.39133,-7.48826,29.406
-8.29077,-7.29525,29.4227
-8.18208,-7.10633,29.4159
-8.06658,-6.92337,29.3864
-7.94558,-6.74802,29.3354
-7.82044,-6.58173,29.2642
-7.69249,-6.42569,29.1742
-7.56302,-6.28088,29.067
-7.43328,-6.14809,28.9441
-7.30444,-6.02786,28.8071
-7.17763,-5.9206,28.6577
-7.05385,-5.82652,28.4976
-6.93406,-5.74572,28.3282
-6.81909,-5.67816,28.1511
-6.70969,-5.62371,27.9678
-6.60655,-5.58216,27.7797
-6.51023,-5.55322,27.5883
-6.42122,-5.53659,27.3947
-6.33996,-5.53191,27.2002
-6.26677,-5.53879,27.006
-6.20194,-5.55686,26.8133
-6.14569,-5.5857,26.623
-6.09817,-5.62493,26.4362
-6.05949,-5.67415,26.2539
-6.02971,-5.73296,26.0771
-6.00887,-5.80098,25.9065
-5.99694,-5.8778,25.7432
-5.99387,-5.96304,25.588
-5.99959,-6.05631,25.4416
-6.01399,-6.15719,25.305
-6.03693,-6.26526,25.1788
-6.06824,-6.38009,25.0639
-6.10774,-6.50118,24.9611
-6.15521,-6.62805,24.8709
-6.2104,-6.76013,24.7943
-6.27303,-6.89684,24.7317
-6.34277,-7.0375,24.6838
-6.4193,-7.18139,24.6513
-6.5022,-7.32774,24.6347
-6.59105,-7.47567,24.6345
-6.68537,-7.62424,24.6509
-6.78464,-7.77244,24.6845
-6.88826,-7.91915,24.7352
-6.99561,-8.0632,24.8034
-7.10599,-8.20334,24.8888
-7.21866,-8.33827,24.9912
-7.33281,-8.46663,25.1104
-7.44757,-8.58702,25.2458
-7.56205,-8.69804,25.3965
-7.67528,-8.7983,25.5616
-7.78627,-8.88644,25.74
-7.89399,-8.96117,25.9302
-7.99742,-9.02131,26.1307
-8.09549,-9.06581,26.3396
-8.1872,-9.09377,26.555
-8.27153,-9.1045,26.7747
-8.34752,-9.09755,26.9964
-8.41431,-9.07269,27.2177
-8.47107,-9.02998,27.4362
-8.51712,-8.96974,27.6495
-8.55187,-8.89259,27.8552
-8.57488,-8.7994,28.051
-8.58585,-8.69131,28.2347
-8.58464,-8.56969,28.4043
-8.57125,-8.43611,28.558
-8.54587,-8.29232,28.6945
-8.50882,-8.14016,28.8123
-8.46059,-7.98158,28.9106
-8.40179,-7.81856,28.9887
-8.33318,-7.65306,29.0463
-8.25559,-7.48699,29.0832
-8.16999,-7.32219,29.0998
-8.07738,-7.16037,29.0963
-7.97883,-7.00311,29.0734
-7.87545,-6.85182,29.0321
-7.76834,-6.70777,28.9732
-7.65862,-6.57202,28.8979
-7.54738,-6.44548,28.8075
-7.43567,-6.3289,28.7032
-7.3245,-6.22283,28.5863
-7.21483,-6.12772,28.4583
-7.10756,-6.04385,28.3204
-7.00351,-5.97139,28.174
-6.90343,-5.91042,28.0205
-6.808,-5.86089,27.8612
-6.71785,-5.82271,27.6973
-6.63349,-5.79572,27.53
-6.55542,-5.77969,27.3606
-6.48401,-5.77437,27.1901
-6.41962,-5.77948,27.0197
-6.36252,-5.7947,26.8503
-6.31294,-5.81971,26.6831
-6.27104,-5.85417,26.5188
-6.23696,-5.89772,26.3585
-6.21077,-5.95001,26.2031
-6.19251,-6.01068,26.0533
-6.18219,-6.07936,25.9101
-6.17978,-6.15566,25.7742
-6.1852,-6.23918,25.6463
-6.19838,-6.32953,25.5273
-6.21918,-6.42627,25.4179
-6.24745,-6.52894,25.3187
-6.28301,-6.63708,25.2305
-6.32564,-6.75016,25.1538
-6.3751,-6.86763,25.0892
-6.43112,-6.98889,25.0374
-6.49338,-7.1133,24.9989
-6.56155,-7.24016,24.9741
-6.63524,-7.36872,24.9634
-6.71403,-7.49816,24.9673
-6.79746,-7.62761,24.9859
-6.88504,-7.75614,25.0195
-6.9762,-7.88276,25.0681
-7.07036,-8.00644,25.1317
-7.16688,-8.12609,25.2102
-7.26508,-8.24058,25.3032
-7.36423,-8.34877,25.4104
-7.46356,-8.44951,25.5311
-7.56227,-8.54165,25.6646
-7.65953,-8.62406,25.8099
-7.75449,-8.69567,25.966
-7.84628,-8.75548,26.1317
-7.93401,-8.80258,26.3054
-8.01682,-8.8362,26.4856
-8.09387,-8.85569,26.6706
-8.16434,-8.86057,26.8586
-8.22746,-8.85057,27.0476
-8.28252,-8.8256,27.2358
-8.3289,-8.78577,27.421
-8.36606,-8.73144,27.6014
-8.39355,-8.66317,27.7749
-8.41104,-8.58171,27.9398
-8.41832,-8.48803,28.0942
-8.41532,-8.38328,28.2366
-8.40206,-8.26875,28.3655
-8.37872,-8.14584,28.4798
-8.3456,-8.01607,28.5784
-8.3031,-7.88102,28.6606
-8.25174,-7.74227,28.7257
-8.19216,-7.60143,28.7736
-8.12506,-7.46005,28.8041
-8.05121,-7.31963,28.8173
-7.97147,-7.18159,28.8135
-7.88671,-7.04723,28.7934
-7.79786,-6.91775,28.7574
-7.70582,-6.79421,28.7064
-7.61154,-6.67755,28.6413
-7.51592,-6.56857,28.5632
-7.41986,-6.46793,28.4729
-7.32421,-6.37617,28.3717
-7.22979,-6.29371,28.2606
-7.13736,-6.22085,28.1409
-7.04765,-6.15781,28.0137
-6.96131,-6.10469,27.8801
-6.87894,-6.06154,27.7412
-6.8011,-6.02831,27.5983
-6.72825,-6.00491,27.4523
-6.66083,-5.9912,27.3043
-6.59921,-5.987,27.1553
-6.54369,-5.99207,27.0063
-6.49456,-6.00618,26.8583
-6.45201,-6.02906,26.7121
-6.41623,-6.0604,26.5687
-6.38733,-6.0999,26.4288
-6.36539,-6.14725,26.2934
-6.35048,-6.20211,26.1632
-6.34259,-6.26411,26.0389
-6.3417,-6.33291,25.9213
-6.34776,-6.40811,25.8111
-6.36067,-6.48931,25.709
-6.38033,-6.57609,25.6156
-6.40659,-6.668,25.5315
-6.43926,-6.76456,25.4574
-6.47815,-6.86527,25.3937
-6.52301,-6.96957,25.341
-6.57357,-7.0769,25.2998
-6.62954,-7.18662,25.2705
-6.69059,-7.29808,25.2534
-6.75634,-7.41056,25.2488
-6.8264,-7.5233,25.2571
-6.90032,-7.63552,25.2783
-6.97764,-7.74637,25.3126
-7.05783,-7.85497,25.3599
-7.14035,-7.96042,25.4201
-7.22462,-8.06176,25.493
-7.31001,-8.15806,25.5782
-7.39588,-8.24834,25.6753
-7.48155,-8.33166,25.7836
-7.56631,-8.40707,25.9024
-7.64944,-8.4737,26.0309
-7.73021,-8.53069,26.168
-7.80788,-8.57727,26.3126
-7.88173,-8.61278,26.4634
-7.95102,-8.63664,26.6191
-8.01507,-8.64841,26.7781
-8.07321,-8.64779,26.9389
-8.12484,-8.63463,27.1
-8.1694,-8.60895,27.2597
-8.2064,-8.57093,27.4163
-8.23543,-8.52093,27.5683
-8.25616,-8.45947,27.714
-8.26836,-8.38723,27.8519
-8.27189,-8.30503,27.9807
-8.26673,-8.21385,28.0991
-8.25294,-8.11477,28.2059
-8.23069,-8.00894,28.3001
-8.20025,-7.89761,28.3811
-8.16199,-7.78207,28.4481
-8.11636,-7.66361,28.5007
-8.06389,-7.54354,28.5387
-8.00517,-7.42312,28.5621
-7.94086,-7.30359,28.5708
-7.87167,-7.1861,28.5652
-7.79833,-7.07174,28.5457
-7.72161,-6.9615,28.5127
-7.64228,-6.85628,28.467
-7.56112,-6.75686,28.4093
-7.47888,-6.66395,28.3404
-7.39633,-6.57811,28.2611
-7.31418,-6.49984,28.1723
-7.23313,-6.42952,28.0752
-7.15383,-6.36745,27.9705
-7.0769,-6.31383,27.8593
-7.00291,-6.2688,27.7426
-6.93237,-6.23242,27.6214
-6.86577,-6.2047,27.4966
-6.80352,-6.18558,27.3692
-6.74601,-6.17498,27.24
-6.69357,-6.17274,27.1101
-6.64648,-6.17871,26.9803
-6.60498,-6.19267,26.8515
-6.56927,-6.21439,26.7244
-6.53949,-6.24362,26.5999
-6.51578,-6.28009,26.4787
-6.4982,-6.32351,26.3616
-6.4868,-6.37356,26.2493
-6.48159,-6.42991,26.1425
-6.48255,-6.49222,26.0418
-6.48962,-6.56012,25.948
-6.50272,-6.63321,25.8614
-6.52174,-6.71109,25.7829
-6.54653,-6.79332,25.7128
-6.57692,-6.87944,25.6517
-6.61271,-6.96895,25.6001
-6.65368,-7.06132,25.5583
-6.69955,-7.15602,25.5269
-6.75004,-7.25243,25.506
-6.80484,-7.34995,25.496
-6.86359,-7.44791,25.4971
-6.92591,-7.54562,25.5094
-6.99139,-7.64237,25.533
-7.05958,-7.7374,25.5679
-7.13002,-7.82994,25.6141
-7.20219,-7.9192,25.6712
-7.27558,-8.00438,25.7391
-7.34961,-8.08466,25.8174
-7.42372,-8.15925,25.9055
-7.49731,-8.22738,26.0029
-7.56976,-8.28829,26.1089
-7.64046,-8.34128,26.2226
-7.70877,-8.38569,26.3431
-7.77408,-8.42094,26.4693
-7.83578,-8.44655,26.6003
-7.89327,-8.46211,26.7347
-7.94599,-8.46734,26.8713
-7.99341,-8.46207,27.0088
-8.03505,-8.44625,27.1458
-8.07048,-8.41996,27.281
-8.09931,-8.38345,27.4131
-8.12126,-8.33705,27.5406
-8.13607,-8.28127,27.6624
-8.1436,-8.2167,27.7772
-8.14378,-8.14407,27.8839
-8.13661,-8.06421,27.9815
-8.12218,-7.97801,28.0691
-8.10066,-7.88646,28.1459
-8.07232,-7.79058,28.2113
-8.03746,-7.69143,28.2648
-7.9965,-7.59007,28.3061
-7.94988,-7.48757,28.3351
-7.89812,-7.38497,28.3516
-7.84178,-7.28327,28.3557
-7.78144,-7.18344,28.3478
-7.71773,-7.08636,28.328
-7.65129,-6.99285,28.2969
-7.58276,-6.90367,28.255
-7.51281,-6.81948,28.2029
-7.44207,-6.74087,28.1413
-7.37117,-6.66834,28.0708
-7.30072,-6.6023,27.9924
-7.23132,-6.54311,27.9068
-7.16351,-6.49103,27.8148
-7.09782,-6.44625,27.7173
-7.03474,-6.40892,27.6151
-6.97472,-6.37911,27.5091
-6.91816,-6.35684,27.4001
-6.86543,-6.34209,27.289
-6.81687,-6.33478,27.1765
-6.77276,-6.3348,27.0635
-6.73335,-6.34202,26.9507
-6.69886,-6.35627,26.839
-6.66944,-6.37734,26.729
-6.64525,-6.405,26.6215
-6.62639,-6.43903,26.5171
-6.61291,-6.47913,26.4165
-6.60486,-6.52504,26.3204
-6.60225,-6.57643,26.2294
-6.60504,-6.63297,26.144
-6.61318,-6.69432,26.0648
-6.62658,-6.7601,25.9924
-6.64514,-6.82993,25.9272
-6.66872,-6.90337,25.8697
-6.69714,-6.97998,25.8203
-6.73021,-7.05931,25.7794
-6.76772,-7.14084,25.7474
-6.8094,-7.22407,25.7246
-6.85499,-7.30843,25.7111
-6.90418,-7.39337,25.7072
-6.95665,-7.47827,25.7131
-7.01202,-7.56251,25.7288
-7.06993,-7.64544,25.7542
-7.12996,-7.72642,25.7894
-7.19168,-7.80476,25.8342
-7.25462,-7.87978,25.8884
-7.31833,-7.95081,25.9515
-7.38229,-8.01717,26.0233
-7.44601,-8.0782,26.1033
-7.50895,-8.13328,26.1908
-7.57059,-8.18181,26.2851
-7.6304,-8.22323,26.3856
-7.68785,-8.25706,26.4914
-7.74242,-8.28286,26.6016
-7.7936,-8.30029,26.7151
-7.84092,-8.30907,26.831
-7.88391,-8.30904,26.9482
-7.92215,-8.30012,27.0655
-7.95528,-8.28234,27.1818
-7.98294,-8.25585,27.296
-8.00486,-8.22088,27.4071
-8.02083,-8.17779,27.5138
-8.03068,-8.12702,27.6152
-8.03431,-8.06913,27.7102
-8.03171,-8.00474,27.7981
-8.0229,-7.93456,27.878
-8.00799,-7.85935,27.9492
-7.98716,-7.77994,28.011
-7.96064,-7.69718,28.0631
-7.92873,-7.61194,28.105
-7.89178,-7.5251,28.1365
-7.85017,-7.43754,28.1575
-7.80436,-7.35011,28.168
-7.75482,-7.26365,28.168
-7.70205,-7.17893,28.1577
-7.64657,-7.09669,28.1375
-7.58893,-7.01763,28.1078
-7.52968,-6.94235,28.0688
-7.46936,-6.87141,28.0213
-7.40851,-6.80532,27.9658
-7.34768,-6.74449,27.9028
-7.28736,-6.68928,27.8331
-7.22806,-6.64,27.7573
-7.17025,-6.59688,27.6762
-7.11437,-6.56009,27.5905
-7.06084,-6.52977,27.5009
-7.01003,-6.50598,27.4081
-6.96231,-6.48876,27.313
-6.91799,-6.47808,27.2161
-6.87734,-6.4739,27.1183
-6.84062,-6.47612,27.0202
-6.80804,-6.48463,26.9226
-6.77979,-6.49928,26.826
-6.756,-6.51988,26.7312
-6.7368,-6.54623,26.6388
-6.72227,-6.57811,26.5494
-6.71247,-6.61528,26.4635
-6.70742,-6.65745,26.3819
-6.70712,-6.70435,26.3049
-6.71154,-6.75566,26.2331
-6.72061,-6.81104,26.167
-6.73426,-6.87015,26.107
-6.75237,-6.93261,26.0536
-6.7748,-6.99803,26.0072
-6.80139,-7.06598,25.968
-6.83196,-7.13603,25.9365
-6.86629,-7.20772,25.9129
-6.90414,-7.28056,25.8974
-6.94525,-7.35406,25.8902
-6.98935,-7.42768,25.8914
-7.03611,-7.50088,25.901
-7.0852,-7.57311,25.9192
-7.13628,-7.64381,25.9459
-7.18898,-7.71239,25.9808
-7.24289,-7.77828,26.0239
-7.29761,-7.8409,26.0749
-7.35271,-7.89968,26.1334
-7.40776,-7.95405,26.199
-7.46232,-8.0035,26.2713
-7.51592,-8.04751,26.3497
-7.56812,-8.08562,26.4336
-7.61846,-8.1174,26.5222
-7.66651,-8.14249,26.6149
-7.71182,-8.16057,26.7108
-7.75399,-8.1714,26.8091
-7.79262,-8.17483,26.9088
-7.82735,-8.17076,27.009
-7.85784,-8.15919,27.1089
-7.88381,-8.14019,27.2074
-7.90499,-8.11395,27.3037
-7.92118,-8.0807,27.3967
-7.93224,-8.04079,27.4857
-7.93805,-7.99463,27.5698
-7.93856,-7.94271,27.6482
-7.93378,-7.88557,27.7201
-7.92378,-7.82383,27.785
-7.90866,-7.75813,27.8424
-7.8886,-7.68916,27.8917
-7.86382,-7.61764,27.9325
-7.83458,-7.5443,27.9646
-7.80118,-7.46986,27.9879
-7.76399,-7.39506,28.0022
-7.72337,-7.32058,28.0076
-7.67974,-7.24713,28.0041
-7.63353,-7.17534,27.992
-7.58518,-7.10582,27.9714
-7.53515,-7.03915,27.9428
-7.4839,-6.97583,27.9065
-7.4319,-6.91633,27.8629
-7.3796,-6.86106,27.8126
-7.32745,-6.81039,27.7561
-7.27589,-6.76461,27.694
-7.22534,-6.72399,27.6268
-7.17619,-6.68872,27.5552
-7.12882,-6.65895,27.4797
-7.08358,-6.63481,27.4011
-7.0408,-6.61635,27.32
-7.00077,-6.60359,27.2369
-6.96376,-6.59654,27.1526
-6.93002,-6.59514,27.0677
-6.89974,-6.59931,26.9828
-6.87312,-6.60895,26.8985
-6.85031,-6.62391,26.8153
-6.83143,-6.64404,26.734
-6.81657,-6.66916,26.6549
-6.8058,-6.69905,26.5787
-6.79917,-6.73348,26.5059
-6.79668,-6.77221,26.4369
-6.79833,-6.81495,26.3723
-6.80408,-6.86142,26.3124
-6.81386,-6.91131,26.2577
-6.82759,-6.96429,26.2087
-6.84516,-7.02,26.1655
-6.86643,-7.07808,26.1286
-6.89125,-7.13813,26.0983
-6.91944,-7.19976,26.0747
-6.95079,-7.26253,26.0581
-6.98508,-7.326,26.0487
-7.02207,-7.38973,26.0466
-7.06148,-7.45323,26.0518
-7.10305,-7.51603,26.0643
-7.14645,-7.57764,26.0842
-7.19137,-7.63756,26.1113
-7.23747,-7.6953,26.1455
-7.2844,-7.75036,26.1866
-7.3318,-7.80226,26.2342
-7.37928,-7.85053,26.2881
-7.42648,-7.8947,26.3478
-7.47299,-7.93435,26.4129
-7.51844,-7.96909,26.4829
-7.56244,-7.99854,26.5572
-7.6046,-8.0224,26.6352
-7.64456,-8.04038,26.7162
-7.68196,-8.05228,26.7994
-7.71645,-8.05794,26.8842
-7.74774,-8.05726,26.9698
-7.77552,-8.05023,27.0554
-7.79954,-8.03688,27.1402
-7.81957,-8.01733,27.2235
-7.83542,-7.99176,27.3043
-7.84695,-7.96043,27.3821
-7.85405,-7.92364,27.456
-7.85667,-7.88178,27.5254
-7.85477,-7.83527,27.5897
-7.8484,-7.7846,27.6483
-7.83764,-7.73029,27.7007
-7.82259,-7.67289,27.7465
-7.80343,-7.61298,27.7853
-7.78035,-7.55117,27.8168
-7.7536,-7.48807,27.8409
-7.72345,-7.42427,27.8574
-7.6902,-7.36038,27.8662
-7.65418,-7.29699,27.8675
-7.61575,-7.23465,27.8612
-7.57528,-7.17391,27.8477
-7.53313,-7.11527,27.827
-7.48971,-7.0592,27.7996
-7.44541,-7.00612,27.7657
-7.40061,-6.95642,27.7257
-7.35571,-6.91045,27.6801
-7.31108,-6.8685,27.6293
-7.26709,-6.83084,27.5738
-7.22409,-6.79767,27.5141
-7.18243,-6.76916,27.4509
-7.14241,-6.74546,27.3845
-7.10433,-6.72664,27.3155
-7.06848,-6.71276,27.2446
-7.03509,-6.70385,27.1723
-7.0044,-6.69988,27.099
-6.9766,-6.70082,27.0255
-6.95188,-6.7066,26.9522
-6.93038,-6.71711,26.8796
-6.91223,-6.73222,26.8082
-6.89754,-6.7518,26.7386
-6.88637,-6.77566,26.6713
-6.87878,-6.80361,26.6067
-6.8748,-6.83544,26.5453
-6.87442,-6.87091,26.4874
-6.87763,-6.90977,26.4335
-6.88439,-6.95175,26.384
-6.89462,-6.99655,26.3393
-6.90825,-7.04388,26.2996
-6.92516,-7.0934,26.2652
-6.94522,-7.14477,26.2364
-6.96828,-7.19763,26.2134
-6.99418,-7.25162,26.1965
-7.02271,-7.30635,26.1857
-7.05367,-7.36142,26.1812
-7.08684,-7.41642,26.1831
-7.12196,-7.47093,26.1913
-7.15878,-7.52454,26.2059
-7.19702,-7.57681,26.2267
-7.23638,-7.62732,26.2537
-7.27658,-7.67564,26.2866
-7.31728,-7.72136,26.3253
-7.35818,-7.76408,26.3695
-7.39895,-7.8034,26.4188
-7.43924,-7.83897,26.4729
-7.47874,-7.87042,26.5313
-7.51711,-7.89746,26.5935
-7.55401,-7.91981,26.6591
-7.58914,-7.93724,26.7275
-7.62219,-7.94954,26.798
-7.65287,-7.95658,26.8701
-7.68089,-7.95826,26.9431
-7.70601,-7.95455,27.0164
-7.72801,-7.94547,27.0893
-7.74667,-7.93108,27.1611
-7.76184,-7.91153,27.2312
-7.77336,-7.88699,27.299
-7.78115,-7.85772,27.3637
-7.78514,-7.82399,27.4249
-7.78529,-7.78616,27.482
-7.78161,-7.7446,27.5345
-7.77416,-7.69973,27.5819
-7.76301,-7.652,27.6239
-7.74829,-7.60189,27.6601
-7.73014,-7.54988,27.6903
-7.70876,-7.49649,27.7141
-7.68437,-7.44221,27.7316
-7.65719,-7.38757,27.7426
-7.62751,-7.33305,27.7471
-7.5956,-7.27914,27.7451
-7.56178,-7.22631,27.7368
-7.52635,-7.17501,27.7223
-7.48965,-7.12566,27.7018
-7.45199,-7.07863,27.6756
-7.41373,-7.03429,27.6441
-7.37518,-6.99295,27.6074
-7.33669,-6.95491,27.566
-7.29855,-6.92041,27.5204
-7.2611,-6.88966,27.4709
-7.22462,-6.86284,27.4179
-7.18941,-6.84009,27.3621
-7.15571,-6.82153,27.3037
-7.1238,-6.80722,27.2433
-7.09389,-6.7972,27.1814
-7.0662,-6.7915,27.1185
-7.04091,-6.79008,27.055
-7.0182,-6.79292,26.9915
-6.99821,-6.79993,26.9283
-6.98106,-6.81102,26.866
-6.96687,-6.82608,26.805
-6.95569,-6.84496,26.7458
-6.94761,-6.86751,26.6887
-6.94264,-6.89354,26.6342
-6.94081,-6.92286,26.5826
-6.94211,-6.95524,26.5344
-6.94651,-6.99045,26.4898
-6.95396,-7.02824,26.4493
-6.9644,-7.06833,26.413
-6.97774,-7.11045,26.3812
-6.99387,-7.1543,26.3542
-7.01267,-7.19957,26.3322
-7.03398,-7.24592,26.3154
-7.05766,-7.29302,26.3039
-7.08352,-7.34053,26.2978
-7.11137,-7.3881,26.2972
-7.141,-7.43535,26.302
-7.17218,-7.48192,26.3124
-7.20468,-7.52745,26.3282
-7.23824,-7.57157,26.3494
-7.27262,-7.61392,26.3757
-7.30753,-7.65412,26.4071
-7.34271,-7.69185,26.4432
-7.37788,-7.72676,26.4839
-7.41273,-7.75854,26.5287
-7.447,-7.78689,26.5774
-7.4804,-7.81155,26.6295
-7.51265,-7.83228,26.6846
-7.54346,-7.84886,26.7423
-7.57259,-7.86113,26.802
-7.59977,-7.86896,26.8633
-7.62476,-7.87225,26.9255
-7.64736,-7.87096,26.9882
-7.66735,-7.8651,27.0508
-7.68456,-7.8547,27.1127
-7.69884,-7.83987,27.1734
-7.71005,-7.82074,27.2322
-7.71811,-7.7975,27.2888
-7.72295,-7.77038,27.3426
-7.72453,-7.73963,27.393
-7.72283,-7.70557,27.4398
-7.7179,-7.66854,27.4824
-7.70979,-7.62889,27.5206
-7.69857,-7.58701,27.5539
-7.68438,-7.54331,27.5822
-7.66735,-7.4982,27.6053
-7.64765,-7.45212,27.6229
-7.62549,-7.40549,27.6351
-7.60106,-7.35873,27.6417
-7.57462,-7.31226,27.6428
-7.5464,-7.26648,27.6384
-7.51667,-7.22179,27.6286
-7.4857,-7.17854,27.6137
-7.45377,-7.1371,27.5936
-7.42116,-7.09778,27.5688
-7.38816,-7.06087,27.5395
-7.35504,-7.02663,27.506
-7.32209,-6.99532,27.4685
-7.28958,-6.96713,27.4276
-7.25776,-6.94223,27.3834
-7.2269,-6.92077,27.3365
-7.19722,-6.90288,27.2872
-7.16896,-6.88862,27.236
-7.14232,-6.87807,27.1832
-7.11749,-6.87125,27.1293
-7.09465,-6.86816,27.0746
-7.07397,-6.86878,27.0197
-7.05557,-6.87308,26.965
-7.03957,-6.88097,26.9107
-7.02608,-6.89237,26.8574
-7.01518,-6.90716,26.8055
-7.00693,-6.92522,26.7552
-7.00138,-6.9464,26.7071
-6.99854,-6.97052,26.6613
-6.99841,-6.9974,26.6183
-7.00099,-7.02684,26.5784
-7.00625,-7.05862,26.5418
-7.01412,-7.0925,26.5088
-7.02454,-7.12825,26.4797
-7.03742,-7.1656,26.4546
-7.05267,-7.20427,26.4338
-7.07015,-7.24399,26.4175
-7.08974,-7.28447,26.4057
-7.11129,-7.3254,26.3985
-7.13462,-7.36647,26.3961
-7.15956,-7.40737,26.3984
-7.18593,-7.44778,26.4055
-7.2135,-7.48739,26.4173
-7.24208,-7.52588,26.4337
-7.27144,-7.56293,26.4546
-7.30135,-7.59824,26.4799
-7.33157,-7.63149,26.5094
-7.36186,-7.66242,26.5429
-7.39198,-7.69074,26.58
-7.42167,-7.71621,26.6206
-7.4507,-7.73858,26.6642
-7.47882,-7.75765,26.7105
-7.50581,-7.77323,26.7591
-7.53141,-7.78518,26.8096
-7.55543,-7.79338,26.8616
-7.57766,-7.79773,26.9147
-7.59789,-7.79819,26.9682
-7.61596,-7.79476,27.0219
-7.6317,-7.78745,27.0752
-7.64499,-7.77633,27.1276
-7.65571,-7.76151,27.1787
-7.66375,-7.74313,27.228
-7.66907,-7.72136,27.2751
-7.67162,-7.69641,27.3195
-7.67137,-7.66854,27.361
-7.66835,-7.638,27.3991
-7.66259,-7.60509,27.4335
-7.65415,-7.57013,27.464
-7.64312,-7.53345,27.4902
-7.62961,-7.49541,27.5121
-7.61376,-7.45634,27.5294
-7.59572,-7.41662,27.5421
-7.57566,-7.3766,27.55
-7.55378,-7.33664,27.5532
-7.53027,-7.29709,27.5517
-7.50537,-7.25828,27.5455
-7.47928,-7.22054,27.5348
-7.45225,-7.18417,27.5198
-7.42452,-7.14946,27.5004
-7.39632,-7.11668,27.4771
-7.36791,-7.08608,27.45
-7.33951,-7.05786,27.4194
-7.31136,-7.03223,27.3856
-7.2837,-7.00935,27.3489
-7.25674,-6.98938,27.3097
-7.2307,-6.97241,27.2681
-7.20577,-6.95855,27.2247
-7.18215,-6.94787,27.1798
-7.16001,-6.9404,27.1337
-7.13951,-6.93617,27.0869
-7.12079,-6.93517,27.0396
-7.10399,-6.93738,26.9922
-7.08922,-6.94274,26.9451
-7.07657,-6.95119,26.8987
-7.06613,-6.96265,26.8533
-7.05795,-6.977,26.8092
-7.0521,-6.99412,26.7667
-7.04858,-7.01388,26.7263
-7.04742,-7.0361,26.6881
-7.04861,-7.06063,26.6524
-7.05213,-7.08728,26.6196
-7.05794,-7.11584,26.5897
-7.06599,-7.1461,26.5632
-7.07621,-7.17784,26.5401
-7.08851,-7.21083,26.5206
-7.10279,-7.24481,26.5049
-7.11895,-7.27953,26.4932
-7.13685,-7.31473,26.4854
-7.15635,-7.35015,26.4817
-7.17731,-7.3855,26.4821
-7.19956,-7.42053,26.4866
-7.22292,-7.45494,26.4951
-7.24722,-7.48848,26.5077
-7.27226,-7.52085,26.5243
-7.29784,-7.55181,26.5446
-7.32377,-7.58109,26.5686
-7.34983,-7.60844,26.596
-7.37581,-7.63362,26.6267
-7.40151,-7.65642,26.6605
-7.42671,-7.67663,26.6969
-7.4512,-7.69407,26.7358
-7.47479,-7.70858,26.7767
-7.49726,-7.72002,26.8195
-7.51844,-7.72829,26.8636
-7.53815,-7.73331,26.9087
-7.5562,-7.73501,26.9545
-7.57246,-7.7334,27.0005
-7.58678,-7.72847,27.0463
-7.59904,-7.72027,27.0915
-7.60913,-7.70889,27.1358
-7.61698,-7.69442,27.1787
-7.62251,-7.677,27.2198
-7.62568,-7.6568,27.2589
-7.62648,-7.63402,27.2955
-7.6249,-7.60887,27.3294
-7.62096,-7.58159,27.3603
-7.61471,-7.55244,27.3879
-7.60621,-7.5217,27.412
-7.59556,-7.48964,27.4325
-7.58285,-7.45658,27.4491
-7.5682,-7.4228,27.4618
-7.55177,-7.38861,27.4705
-7.53369,-7.35432,27.4751
-7.51415,-7.32023,27.4757
-7.49332,-7.28662,27.4723
-7.47138,-7.25378,27.4649
-7.44854,-7.22198,27.4537
-7.425,-7.19147,27.4388
-7.40096,-7.16249,27.4204
-7.37662,-7.13526,27.3986
-7.3522,-7.10999,27.3737
-7.32789,-7.08685,27.3459
-7.30391,-7.066,27.3155
-7.28043,-7.04758,27.2827
-7.25765,-7.03171,27.2478
-7.23574,-7.01847,27.2111
-7.21488,-7.00795,27.173
-7.19521,-7.0002,27.1337
-7.17689,-6.99523,27.0936
-7.16005,-6.99307,27.0529
-7.14481,-6.99369,27.0121
-7.13128,-6.99708,26.9713
-7.11954,-7.00317,26.931
-7.10967,-7.01191,26.8914
-7.10174,-7.0232,26.8528
-7.0958,-7.03696,26.8155
-7.09187,-7.05305,26.7798
-7.08998,-7.07136,26.746
-7.09012,-7.09172,26.7143
-7.09229,-7.114,26.6849
-7.09646,-7.13801,26.658
-7.10258,-7.16357,26.6339
-7.11061,-7.19049,26.6128
-7.12047,-7.21856,26.5947
-7.13209,-7.24757,26.5798
-7.14536,-7.27731,26.5683
-7.16019,-7.30754,26.5603
-7.17645,-7.33804,26.5557
-7.19402,-7.36856,26.5546
-7.21276,-7.39888,26.5571
-7.23252,-7.42874,26.5632
-7.25314,-7.45793,26.5727
-7.27447,-7.48619,26.5856
-7.29632,-7.5133,26.6018
-7.31854,-7.53903,26.6213
-7.34094,-7.56317,26.6437
-7.36333,-7.58552,26.6691
-7.38554,-7.60589,26.697
-7.40739,-7.62408,26.7275
-7.42869,-7.63996,26.76
-7.44928,-7.65337,26.7945
-7.46897,-7.66419,26.8306
-7.48761,-7.67233,26.868
-7.50504,-7.6777,26.9064
-7.52111,-7.68027,26.9455
-7.53569,-7.68,26.9848
-7.54864,-7.67691,27.0242
-7.55988,-7.671,27.0632
-7.56929,-7.66235,27.1015
-7.5768,-7.65104,27.1387
-7.58236,-7.63716,27.1746
-7.58591,-7.62085,27.2089
-7.58744,-7.60227,27.2412
-7.58693,-7.5816,27.2712
-7.5844,-7.55901,27.2988
-7.57987,-7.53474,27.3237
-7.5734,-7.50899,27.3457
-7.56505,-7.48202,27.3646
-7.5549,-7.45407,27.3803
-7.54305,-7.42539,27.3927
-7.52962,-7.39623,27.4017
-7.51472,-7.36686,27.4072
-7.4985,-7.33753,27.4093
-7.48111,-7.30849,27.4079
-7.46269,-7.27999,27.4031
-7.44342,-7.25226,27.395
-7.42347,-7.22553,27.3837
-7.403,-7.2,27.3692
-7.3822,-7.17589,27.3518
-7.36124,-7.15336,27.3316
-7.3403,-7.13258,27.3088
-7.31955,-7.1137,27.2837
-7.29915,-7.09686,27.2564
-7.27928,-7.08216,27.2271
-7.26008,-7.0697,27.1963
-7.24171,-7.05954,27.164
-7.22431,-7.05176,27.1306
-7.20801,-7.04637,27.0963
-7.19293,-7.0434,27.0614
-7.17918,-7.04285,27.0262
-7.16686,-7.0447,26.991
-7.15605,-7.04892,26.9561
-7.14683,-7.05546,26.9216
-7.13926,-7.06426,26.8879
-7.13338,-7.07522,26.8553
-7.12924,-7.08826,26.8239
-7.12685,-7.10327,26.794
-7.12622,-7.12012,26.7658
-7.12734,-7.13868,26.7396
-7.13021,-7.15881,26.7155
-7.13478,-7.18035,26.6938
-7.14102,-7.20312,26.6745
-7.14887,-7.22697,26.6578
-7.15827,-7.2517,26.6439
-7.16913,-7.27712,26.6328
-7.18138,-7.30305,26.6247
-7.1949,-7.32927,26.6196
-7.2096,-7.35559,26.6175
-7.22535,-7.38179,26.6184
-7.24203,-7.40768,26.6224
-7.25951,-7.43305,26.6295
-7.27764,-7.45769,26.6395
-7.29629,-7.4814,26.6524
-7.3153,-7.50399,26.668
-7.33452,-7.52527,26.6863
-7.3538,-7.54507,26.7072
-7.37298,-7.56322,26.7304
-7.3919,-7.57955,26.7557
-7.4104,-7.59394,26.783
-7.42835,-7.60626,26.812
-7.44558,-7.61639,26.8424
-7.46195,-7.62426,26.8741
-7.47734,-7.62978,26.9067
-7.4916,-7.63292,26.94
-7.50463,-7.63364,26.9737
-7.51631,-7.63194,27.0075
-7.52654,-7.62783,27.0411
-7.53525,-7.62136,27.0741
-7.54235,-7.61258,27.1065
-7.5478,-7.60158,27.1377
-7.55155,-7.58846,27.1677
-7.55357,-7.57334,27.1961
-7.55384,-7.55637,27.2227
-7.55239,-7.53771,27.2472
-7.54921,-7.51752,27.2696
-7.54436,-7.49599,27.2895
-7.53787,-7.47333,27.3069
-7.52981,-7.44973,27.3215
-7.52026,-7.4254,27.3334
-7.50931,-7.40057,27.3424
-7.49706,-7.37546,27.3485
-7.48363,-7.35027,27.3516
-7.46913,-7.32523,27.3517
-7.4537,-7.30055,27.3489
-7.43747,-7.27643,27.3432
-7.42058,-7.25308,27.3347
-7.40319,-7.23066,27.3234
-7.38544,-7.20938,27.3096
-7.36748,-7.18937,27.2933
-7.34947,-7.17081,27.2747
-7.33155,-7.15382,27.254
-7.31387,-7.13852,27.2313
-7.29657,-7.12502,27.2068
-7.2798,-7.1134,27.1809
-7.26367,-7.10375,27.1536
-7.24832,-7.09612,27.1252
-7.23387,-7.09054,27.096
-7.22042,-7.08705,27.0662
-7.20807,-7.08565,27.036
-7.19691,-7.08633,27.0056
-7.18703,-7.08908,26.9754
-7.17849,-7.09386,26.9455
-7.17135,-7.10061,26.9161
-7.16566,-7.10927,26.8876
-7.16144,-7.11977,26.86
-7.15874,-7.13202,26.8337
-7.15755,-7.1459,26.8088
-7.15788,-7.16132,26.7855
-7.15972,-7.17815,26.764
-7.16305,-7.19625,26.7444
-7.16784,-7.21548,26.7269
-7.17404,-7.2357,26.7116
-7.18159,-7.25674,26.6986
-7.19045,-7.27844,26.6881
-7.20052,-7.30063,26.6801
-7.21173,-7.32315,26.6747
-7.22399,-7.34581,26.6718
-7.23721,-7.36843,26.6716
-7.25126,-7.39085,26.6741
-7.26605,-7.41287,26.6791
-7.28145,-7.43433,26.6867
-7.29733,-7.45504,26.6969
-7.31358,-7.47485,26.7094
-7.33006,-7.49358,26.7243
-7.34663,-7.51109,26.7414
-7.36317,-7.52723,26.7606
-7.37954,-7.54186,26.7816
-7.39559,-7.55485,26.8044
-7.41121,-7.56611,26.8288
-7.42627,-7.57553,26.8544
-7.44063,-7.58302,26.8813
-7.45419,-7.58854,26.909
-7.46683,-7.59202,26.9373
-7.47844,-7.59344,26.9661
-7.48893,-7.5928,26.9951
-7.49821,-7.59009,27.0239
-7.5062,-7.58534,27.0525
-7.51285,-7.5786,27.0805
-7.5181,-7.56994,27.1077
-7.5219,-7.55943,27.1339
-7.52424,-7.54717,27.1588
-7.52508,-7.53327,27.1822
-7.52444,-7.51787,27.204
-7.52232,-7.50111,27.224
-7.51875,-7.48314,27.242
-7.51376,-7.46411,27.2578
-7.5074,-7.44421,27.2714
-7.49974,-7.42362,27.2826
-7.49085,-7.4025,27.2914
-7.4808,-7.38105,27.2977
-7.4697,-7.35946,27.3014
-7.45764,-7.33791,27.3026
-7.44472,-7.31658,27.3013
-7.43107,-7.29565,27.2975
-7.41681,-7.27529,27.2913
-7.40206,-7.25566,27.2826
-7.38693,-7.23693,27.2717
-7.37158,-7.21923,27.2586
-7.35611,-7.20271,27.2435
-7.34067,-7.18748,27.2265
-7.32537,-7.17366,27.2077
-7.31035,-7.16135,27.1873
-7.29572,-7.15062,27.1655
-7.2816,-7.14155,27.1425
-7.2681,-7.13421,27.1185
-7.25532,-7.12862,27.0936
-7.24336,-7.12482,27.0682
-7.23232,-7.12282,27.0423
-7.22227,-7.12263,27.0162
-7.21328,-7.12423,26.9901
-7.20543,-7.1276,26.9641
-7.19876,-7.1327,26.9386
-7.19332,-7.13947,26.9137
-7.18915,-7.14787,26.8896
-7.18627,-7.15781,26.8665
-7.1847,-7.16921,26.8445
-7.18443,-7.18197,26.8238
-7.18548,-7.19599,26.8046
-7.18782,-7.21117,26.7871
-7.19143,-7.22737,26.7712
-7.19627,-7.24447,26.7573
-7.20231,-7.26234,26.7453
-7.20948,-7.28083,26.7354
-7.21774,-7.2998,26.7277
-7.22701,-7.31911,26.7221
-7.23722,-7.33859,26.7188
-7.24827,-7.3581,26.7177
-7.26009,-7.37749,26.719
-7.27258,-7.39658,26.7224
-7.28564,-7.41525,26.7281
-7.29915,-7.43332,26.736
-7.31302,-7.45066,26.746
-7.32713,-7.46713,26.7581
-7.34136,-7.48259,26.772
-7.3556,-7.49692,26.7878
-7.36974,-7.50998,26.8053
-7.38366,-7.52169,26.8243
-7.39724,-7.53193,26.8447
-7.41038,-7.54062,26.8663
-7.42296,-7.54769,26.889
-7.43488,-7.55308,26.9125
-7.44605,-7.55674,26.9366
-7.45638,-7.55865,26.9612
-7.46577,-7.55879,26.986
-7.47415,-7.55716,27.0108
-7.48146,-7.55377,27.0355
-7.48763,-7.54867,27.0597
-7.49261,-7.5419,27.0833
-7.49638,-7.53352,27.1061
-7.49889,-7.52362,27.1279
-7.50013,-7.51227,27.1486
-7.50009,-7.49959,27.1679
-7.49879,-7.4857,27.1857
-7.49623,-7.47071,27.2018
-7.49245,-7.45477,27.2162
-7.48748,-7.43801,27.2286
-7.48136,-7.42059,27.2391
-7.47417,-7.40266,27.2476
-7.46595,-7.38438,27.2539
-7.4568,-7.36589,27.258
-7.44678,-7.34737,27.26
-7.436,-7.32897,27.2598
-7.42454,-7.31084,27.2575
-7.41251,-7.29313,27.253
-7.40001,-7.27599,27.2465
-7.38715,-7.25955,27.2379
-7.37403,-7.24394,27.2275
-7.36078,-7.22928,27.2152
-7.34749,-7.21569,27.2013
-7.33428,-7.20326,27.1858
-7.32126,-7.19209,27.1688
-7.30853,-7.18226,27.1506
-7.29619,-7.17383,27.1312
-7.28434,-7.16685,27.1109
-7.27308,-7.16138,27.0898
-7.26248,-7.15743,27.0681
-7.25264,-7.15504,27.046
-7.24362,-7.15421,27.0235
-7.23549,-7.15493,27.001
-7.22831,-7.15718,26.9786
-7.22214,-7.16095,26.9565
-7.217,-7.16618,26.9348
-7.21295,-7.17284,26.9137
-7.21,-7.18086,26.8935
-7.20818,-7.19017,26.8741
-7.20748,-7.2007,26.8558
-7.20792,-7.21236,26.8388
-7.20948,-7.22504,26.823
-7.21214,-7.23866,26.8088
-7.21588,-7.2531,26.7961
-7.22066,-7.26824,26.7851
-7.22645,-7.28398,26.7759
-7.23319,-7.30017,26.7685
-7.24082,-7.3167,26.763
-7.24929,-7.33343,26.7593
-7.25852,-7.35023,26.7577
-7.26845,-7.36697,26.758
-7.27897,-7.38351,26.7602
-7.29002,-7.39972,26.7644
-7.3015,-7.41548,26.7704
-7.31332,-7.43064,26.7783
-7.32539,-7.4451,26.788
-7.33759,-7.45873,26.7994
-7.34985,-7.47142,26.8123
-7.36205,-7.48307,26.8268
-7.37409,-7.49358,26.8426
-7.38589,-7.50286,26.8597
-7.39733,-7.51083,26.8779
-7.40834,-7.51744,26.897
-7.41881,-7.52263,26.9169
-7.42867,-7.52635,26.9374
-7.43783,-7.52857,26.9584
-7.44621,-7.52928,26.9796
-7.45376,-7.52848,27.0009
-7.4604,-7.52617,27.0221
-7.46609,-7.52237,27.0431
-7.47078,-7.51713,27.0636
-7.47443,-7.5105,27.0834
-7.47701,-7.50252,27.1025
-7.47852,-7.49329,27.1207
-7.47893,-7.48288,27.1377
-7.47825,-7.47138,27.1535
-7.47649,-7.45891,27.1679
-7.47367,-7.44557,27.1809
-7.46982,-7.43148,27.1923
-7.46497,-7.41677,27.202
-7.45917,-7.40156,27.21
-7.45248,-7.38599,27.2162
-7.44495,-7.37019,27.2205
-7.43665,-7.3543,27.223
-7.42767,-7.33845,27.2237
-7.41806,-7.32277,27.2224
-7.40793,-7.3074,27.2194
-7.39736,-7.29245,27.2145
-7.38644,-7.27806,27.2079
-7.37526,-7.26433,27.1996
-7.36391,-7.25137,27.1897
-7.3525,-7.23928,27.1784
-7.34111,-7.22815,27.1656
-7.32984,-7.21807,27.1515
-7.31878,-7.20911,27.1363
-7.30802,-7.20133,27.1201
-7.29765,-7.19478,27.1029
-7.28774,-7.18951,27.0851
-7.27838,-7.18555,27.0666
-7.26963,-7.18291,27.0477
-7.26157,-7.18162,27.0284
-7.25425,-7.18168,27.0091
-7.24772,-7.18306,26.9897
-7.24204,-7.18576,26.9706
-7.23725,-7.18975,26.9517
-7.23337,-7.19498,26.9334
-7.23043,-7.20141,26.9156
-7.22846,-7.20898,26.8986
-7.22746,-7.21763,26.8824
-7.22743,-7.22728,26.8673
-7.22838,-7.23786,26.8533
-7.23028,-7.24928,26.8405
-7.23313,-7.26144,26.8291
-7.23688,-7.27426,26.819
-7.24152,-7.28762,26.8105
-7.24699,-7.30142,26.8035
-7.25326,-7.31555,26.7981
-7.26027,-7.32989,26.7943
-7.26796,-7.34434,26.7922
-7.27627,-7.35878,26.7918
-7.28513,-7.37309,26.793
-7.29446,-7.38716,26.796
-7.3042,-7.40087,26.8006
-7.31426,-7.41412,26.8067
-7.32456,-7.42679,26.8145
-7.33502,-7.43879,26.8237
-7.34555,-7.45001,26.8343
-7.35606,-7.46037,26.8463
-7.36648,-7.46978,26.8594
-7.37671,-7.47817,26.8737
-7.38667,-7.48545,26.889
-7.39628,-7.49158,26.9051
-7.40546,-7.49651,26.9219
-7.41415,-7.50019,26.9393
-7.42225,-7.5026,26.9572
-7.42972,-7.50372,26.9753
-7.43649,-7.50354,26.9936
-7.44251,-7.50206,27.0119
-7.44772,-7.49931,27.0299
-7.45209,-7.49531,27.0477
-7.45558,-7.49009,27.065
-7.45817,-7.4837,27.0816
-7.45983,-7.47622,27.0975
-7.46056,-7.46769,27.1125
-7.46036,-7.4582,27.1266
-7.45922,-7.44784,27.1394
-7.45717,-7.43669,27.1511
-7.45422,-7.42486,27.1614
-7.4504,-7.41245,27.1704
-7.44576,-7.39957,27.1778
-7.44032,-7.38633,27.1838
-7.43415,-7.37285,27.1882
-7.42729,-7.35923,27.191
-7.41982,-7.3456,27.1922
-7.41179,-7.33207,27.1918
-7.40327,-7.31874,27.1899
-7.39434,-7.30574,27.1863
-7.38508,-7.29317,27.1813
-7.37556,-7.28112,27.1748
-7.36586,-7.26969,27.1669
-7.35608,-7.25897,27.1576
-7.34627,-7.24904,27.1472
-7.33654,-7.23999,27.1355
-7.32695,-7.23186,27.1229
-7.31759,-7.22473,27.1092
-7.30852,-7.21864,27.0948
-7.29983,-7.21363,27.0797
-7.29158,-7.20974,27.064
-7.28383,-7.20699,27.0479
-7.27664,-7.20539,27.0314
-7.27007,-7.20495,27.0148
-7.26417,-7.20566,26.9981
-7.25897,-7.20751,26.9816
-7.25453,-7.21049,26.9652
-7.25086,-7.21455,26.9492
-7.24799,-7.21967,26.9337
-7.24595,-7.22579,26.9188
-7.24475,-7.23286,26.9046
-7.24438,-7.24083,26.8912
-7.24485,-7.24963,26.8787
-7.24616,-7.25918,26.8673
-7.24828,-7.2694,26.857
-7.25119,-7.28022,26.8478
-7.25488,-7.29155,26.84
-7.25931,-7.30329,26.8334
-7.26443,-7.31535,26.8282
-7.27021,-7.32764,26.8244
-7.2766,-7.34005,26.822
-7.28354,-7.35249,26.8211
-7.29098,-7.36485,26.8216
-7.29885,-7.37704,26.8236
-7.3071,-7.38897,26.827
-7.31565,-7.40052,26.8318
-7.32444,-7.41162,26.8379
-7.33338,-7.42216,26.8453
-7.34242,-7.43207,26.854
-7.35147,-7.44127,26.8638
-7.36046,-7.44967,26.8747
-7.36932,-7.45722,26.8866
-7.37798,-7.46385,26.8994
-7.38637,-7.4695,26.913
-7.39441,-7.47414,26.9272
-7.40204,-7.47772,26.942
-7.40921,-7.48021,26.9572
-7.41584,-7.4816,26.9727
-7.4219,-7.48189,26.9883
-7.42732,-7.48106,27.004
-7.43208,-7.47913,27.0196
-7.43612,-7.47611,27.035
-7.43942,-7.47205,27.05
-7.44195,-7.46697,27.0645
-7.4437,-7.46092,27.0784
-7.44465,-7.45396,27.0916
-7.44479,-7.44615,27.104
-7.44414,-7.43756,27.1155
-7.44269,-7.42826,27.1259
-7.44047,-7.41834,27.1353
-7.4375,-7.40789,27.1434
-7.43379,-7.397,27.1504
-7.4294,-7.38575,27.156
-7.42436,-7.37426,27.1604
-7.41871,-7.36261,27.1633
-7.4125,-7.3509,27.165
-7.4058,-7.33924,27.1652
-7.39865,-7.32771,27.1641
-7.39112,-7.31642,27.1616
-7.38328,-7.30546,27.1578
-7.37519,-7.2949,27.1527
-7.36692,-7.28485,27.1464
-7.35853,-7.27537,27.139
-7.35011,-7.26654,27.1304
-7.34171,-7.25843,27.1208
-7.33342,-7.2511,27.1103
-7.32528,-7.2446,27.0989
-7.31738,-7.23898,27.0868
-7.30976,-7.23428,27.074
-7.3025,-7.23052,27.0607
-7.29565,-7.22774,27.047
-7.28927,-7.22594,27.033
-7.28339,-7.22515,27.0187
-7.27807,-7.22535,27.0044
-7.27335,-7.22654,26.9901
-7.26925,-7.2287,26.9759
-7.26582,-7.23181,26.962
-7.26307,-7.23585,26.9485
-7.26102,-7.24077,26.9354
-7.25969,-7.24653,26.9229
-7.25908,-7.25309,26.9111
-7.25919,-7.26038,26.9001
-7.26002,-7.26834,26.8899
-7.26156,-7.27692,26.8806
-7.26379,-7.28604,26.8723
-7.2667,-7.29562,26.8651
-7.27026,-7.3056,26.859
-7.27443,-7.31588,26.854
-7.27918,-7.32638,26.8503
-7.28447,-7.33703,26.8478
-7.29026,-7.34773,26.8465
-7.29649,-7.3584,26.8464
-7.30312,-7.36895,26.8476
-7.31009,-7.3793,26.8501
-7.31735,-7.38937,26.8537
-7.32483,-7.39907,26.8585
-7.33247,-7.40833,26.8645
-7.34022,-7.41706,26.8715
-7.348,-7.42521,26.8796
-7.35576,-7.4327,26.8886
-7.36342,-7.43948,26.8985
-7.37094,-7.44548,26.9092
-7.37824,-7.45067,26.9206
-7.38527,-7.45499,26.9326
-7.39198,-7.45842,26.9451
-7.3983,-7.46093,26.9581
-7.40418,-7.46249,26.9713
-7.40958,-7.46311,26.9847
-7.41446,-7.46277,26.9981
-7.41877,-7.46149,27.0116
-7.42249,-7.45927,27.0248
-7.42558,-7.45614,27.0379
-7.42802,-7.45212,27.0505
-7.42979,-7.44726,27.0627
-7.43088,-7.4416,27.0743
-7.43128,-7.43519,27.0852
-7.43099,-7.42808,27.0954
-7.43003,-7.42034,27.1047
-7.42839,-7.41204,27.1131
-7.42609,-7.40326,27.1205
-7.42316,-7.39405,27.1269
-7.41963,-7.38452,27.1322
-7.41553,-7.37473,27.1364
-7.41088,-7.36478,27.1395
-7.40575,-7.35474,27.1413
-7.40016,-7.3447,27.142
-7.39417,-7.33475,27.1416
-7.38784,-7.32496,27.1399
-7.38121,-7.31541,27.1371
-7.37434,-7.30619,27.1332
-7.36729,-7.29737,27.1283
-7.36012,-7.28901,27.1223
-7.35289,-7.28118,27.1153
-7.34566,-7.27394,27.1074
-7.33849,-7.26735,27.0987
-7.33144,-7.26146,27.0892
-7.32455,-7.2563,27.079
-7.3179,-7.25192,27.0683
-7.31153,-7.24835,27.057
-7.30549,-7.2456,27.0454
-7.29983,-7.2437,27.0334
-7.29459,-7.24266,27.0212
-7.28981,-7.24248,27.0089
-7.28553,-7.24315,26.9965
-7.28179,-7.24466,26.9843
-7.2786,-7.24701,26.9722
-7.27599,-7.25016,26.9605
-7.27398,-7.25409,26.949
-7.27258,-7.25876,26.9381
-7.2718,-7.26413,26.9277
-7.27164,-7.27015,26.9179
-7.27211,-7.27678,26.9088
-7.27319,-7.28396,26.9005
-7.27487,-7.29163,26.893
-7.27714,-7.29972,26.8865
-7.27997,-7.30818,26.8808
-7.28335,-7.31693,26.8762
-7.28724,-7.3259,26.8725
-7.29161,-7.33502,26.8699
-7.29642,-7.34421,26.8684
-7.30164,-7.35341,26.868
-7.30721,-7.36253,26.8686
-7.31309,-7.37151,26.8702
-7.31924,-7.38027,26.873
-7.3256,-7.38874,26.8767
-7.33212,-7.39685,26.8815
-7.33875,-7.40454,26.8872
-7.34544,-7.41174,26.8938
-7.35212,-7.4184,26.9012
-7.35874,-7.42447,26.9094
-7.36526,-7.42989,26.9183
-7.37161,-7.43462,26.9279
-7.37775,-7.43862,26.938
-7.38363,-7.44187,26.9486
-7.38919,-7.44434,26.9596
-7.3944,-7.446,26.9708
-7.39921,-7.44685,26.9823
-7.40358,-7.44689,26.9938
-7.40748,-7.4461,27.0054
-7.41088,-7.44452,27.0168
-7.41374,-7.44214,27.0281
-7.41606,-7.43899,27.0391
-7.41781,-7.43511,27.0497
-7.41898,-7.43052,27.0599
-7.41957,-7.42527,27.0695
-7.41956,-7.41941,27.0785
-7.41896,-7.41298,27.0868
-7.41779,-7.40605,27.0944
-7.41604,-7.39867,27.1011
-7.41374,-7.39091,27.1069
-7.41092,-7.38283,27.1119
-7.40759,-7.37452,27.1159
-7.40379,-7.36602,27.1189
-7.39955,-7.35742,27.1209
-7.3949,-7.3488,27.122
-7.3899,-7.34021,27.122
-7.38457,-7.33174,27.121
-7.37898,-7.32344,27.119
-7.37316,-7.3154,27.116
-7.36716,-7.30767,27.1121
-7.36104,-7.30031,27.1073
-7.35485,-7.29339,27.1017
-7.34863,-7.28695,27.0952
-7.34244,-7.28105,27.088
-7.33633,-7.27573,27.0801
-7.33035,-7.27103,27.0716
-7.32454,-7.26698,27.0626
-7.31896,-7.26361,27.0531
-7.31365,-7.26095,27.0432
-7.30864,-7.25902,27.033
-7.30398,-7.25781,27.0226
-7.29971,-7.25735,27.012
-7.29585,-7.25762,27.0014
-7.29244,-7.25863,26.9908
-7.2895,-7.26036,26.9804
-7.28705,-7.26279,26.9701
-7.28511,-7.2659,26.9602
-7.28369,-7.26966,26.9506
-7.2828,-7.27404,26.9414
-7.28245,-7.279,26.9328
-7.28263,-7.2845,26.9247
-7.28334,-7.29049,26.9173
-7.28458,-7.29693,26.9106
-7.28633,-7.30375,26.9046
-7.28858,-7.31091,26.8994
-7.2913,-7.31835,26.8951
-7.29447,-7.32599,26.8916
-7.29807,-7.33379,26.889
-7.30206,-7.34168,26.8874
-7.30641,-7.3496,26.8866
-7.31108,-7.35748,26.8868
-7.31604,-7.36525,26.8879
-7.32124,-7.37286,26.8898
-7.32664,-7.38025,26.8927
-7.3322,-7.38735,26.8965
-7.33786,-7.3941,26.901
-7.34359,-7.40046,26.9064
-7.34934,-7.40638,26.9125
-7.35506,-7.41179,26.9193
-7.3607,-7.41667,26.9268
-7.36622,-7.42097,26.9348
-7.37158,-7.42466,26.9433
-7.37672,-7.4277,26.9522
-7.38161,-7.43009,26.9615
-7.38621,-7.43179,26.9711
-7.39048,-7.43279,26.9809
-7.39439,-7.4331,26.9908
-7.3979,-7.4327,27.0007
-7.40099,-7.43161,27.0106
-7.40364,-7.42984,27.0203
-7.40582,-7.4274,27.0299
-7.40752,-7.42432,27.0391
-7.40872,-7.42062,27.048
-7.40943,-7.41633,27.0565
-7.40962,-7.41151,27.0644
-7.40931,-7.40618,27.0718
-7.4085,-7.4004,27.0785
-7.4072,-7.39422,27.0846
-7.40542,-7.38769,27.09
-7.40317,-7.38086,27.0945
-7.40049,-7.3738,27.0983
-7.39739,-7.36656,27.1012
-7.39389,-7.35921,27.1033
-7.39004,-7.3518,27.1046
-7.38587,-7.34441,27.1049
-7.3814,-7.33708,27.1044
-7.37669,-7.32989,27.1031
-7.37176,-7.32288,27.1009
-7.36667,-7.31612,27.0978
-7.36145,-7.30966,27.094
-7.35615,-7.30355,27.0895
-7.35081,-7.29784,27.0842
-7.34547,-7.29258,27.0783
-7.34019,-7.28779,27.0717
-7.335,-7.28352,27.0646
-7.32995,-7.27981,27.0571
-7.32507,-7.27667,27.049
-7.3204,-7.27413,27.0407
-7.31598,-7.2722,27.032
-7.31185,-7.27091,27.0231
-7.30804,-7.27025,27.0141
-7.30457,-7.27022,27.0049
-7.30148,-7.27083,26.9958
-7.29878,-7.27207,26.9868
-7.2965,-7.27391,26.9779
-7.29465,-7.27635,26.9692
-7.29325,-7.27936,26.9608
-7.2923,-7.28292,26.9528
-7.29181,-7.28699,26.9452
-7.29178,-7.29154,26.9381
-7.29221,-7.29653,26.9315
-7.29309,-7.30191,26.9254
-7.29442,-7.30766,26.92
-7.29618,-7.31371,26.9153
-7.29836,-7.32001,26.9113
-7.30093,-7.32652,26.908
-7.30388,-7.33319,26.9055
-7.30718,-7.33995,26.9037
-7.3108,-7.34675,26.9027
-7.31471,-7.35354,26.9026
-7.31888,-7.36027,26.9032
-7.32327,-7.36688,26.9046
-7.32785,-7.37331,26.9068
-7.33258,-7.37951,26.9097
-7.33742,-7.38544,26.9134
-7.34233,-7.39104,26.9177
-7.34727,-7.39628,26.9227
-7.3522,-7.4011,26.9283
-7.35708,-7.40548,26.9345
-7.36187,-7.40937,26.9412
-7.36653,-7.41275,26.9483
-7.37102,-7.41558,26.9559
-7.37531,-7.41786,26.9638
-7.37937,-7.41955,26.9719
-7.38315,-7.42065,26.9802
-7.38663,-7.42115,26.9887
-7.38979,-7.42105,26.9972
-7.39259,-7.42035,27.0057
-7.39502,-7.41906,27.0142
-7.39705,-7.41719,27.0224
-7.39868,-7.41476,27.0305
-7.39989,-7.41179,27.0382
-7.40066,-7.40831,27.0457
-7.40101,-7.40436,27.0527
-7.40091,-7.39995,27.0592
-7.40039,-7.39514,27.0652
-7.39944,-7.38997,27.0707
-7.39808,-7.38448,27.0755
-7.39631,-7.37871,27.0797
-7.39415,-7.37273,27.0832
-7.39163,-7.36657,27.0861
-7.38876,-7.36029,27.0882
-7.38558,-7.35394,27.0895
-7.3821,-7.34758,27.0901
-7.37836,-7.34126,27.09
-7.3744,-7.33503,27.0891
-7.37024,-7.32894,27.0875
-7.36592,-7.32304,27.0852
-7.36147,-7.31738,27.0822
-7.35694,-7.312,27.0786
-7.35236,-7.30695,27.0743
-7.34778,-7.30226,27.0694
-7.34321,-7.29797,27.064
-7.33872,-7.29411,27.0581
-7.33432,-7.29072,27.0518
-7.33006,-7.28782,27.045
-7.32597,-7.28542,27.0379
-7.32208,-7.28354,27.0306
-7.31843,-7.28221,27.023
-7.31504,-7.28141,27.0153
-7.31193,-7.28117,27.0075
-7.30914,-7.28147,26.9996
-7.30668,-7.28231,26.9918
-7.30457,-7.28369,26.9841
-7.30283,-7.28558,26.9766
-7.30146,-7.28797,26.9693
-7.30049,-7.29084,26.9622
-7.29991,-7.29417,26.9555
-7.29972,-7.29792,26.9492
-7.29993,-7.30206,26.9433
-7.30053,-7.30656,26.9379
-7.30152,-7.31138,26.9331
-7.30289,-7.31649,26.9288
-7.30462,-7.32183,26.9251
-7.3067,-7.32736,26.922
-7.30911,-7.33305,26.9196
-7.31183,-7.33883,26.9178
-7.31483,-7.34467,26.9167
-7.3181,-7.35052,26.9163
-7.32159,-7.35633,26.9165
-7.3253,-7.36206,26.9175
-7.32917,-7.36765,26.9191
-7.33319,-7.37306,26.9213
-7.33732,-7.37826,26.9242
-7.34152,-7.38319,26.9277
-7.34576,-7.38782,26.9318
-7.35,-7.3921,26.9364
-7.35421,-7.39602,26.9416
-7.35836,-7.39953,26.9471
-7.36242,-7.40261,26.9531
-7.36634,-7.40523,26.9595
-7.3701,-7.40737,26.9661
-7.37367,-7.40903,26.9731
-7.37701,-7.41017,26.9802
-7.38011,-7.41081,26.9874
-7.38293,-7.41093,26.9947
-7.38546,-7.41053,27.002
-7.38768,-7.40962,27.0093
-7.38956,-7.40821,27.0165
-7.3911,-7.40632,27.0235
-7.39228,-7.40395,27.0302
-7.3931,-7.40114,27.0367
-7.39354,-7.3979,27.0429
-7.39361,-7.39427,27.0487
-7.39331,-7.39028,27.054
-7.39264,-7.38596,27.0589
-7.39161,-7.38135,27.0633
-7.39023,-7.37649,27.0671
-7.38851,-7.37143,27.0704
-7.38647,-7.36619,27.0731
-7.38413,-7.36084,27.0751
-7.3815,-7.3554,27.0765
-7.37861,-7.34994,27.0773
-7.37549,-7.34449,27.0775
-7.37216,-7.3391,27.077
-7.36865,-7.33382,27.0759
-7.36499,-7.32868,27.0741
-7.36121,-7.32372,27.0718
-7.35735,-7.319,27.0689
-7.35343,-7.31454,27.0654
-7.34949,-7.31037,27.0615
-7.34555,-7.30654,27.057
-7.34166,-7.30307,27.0521
-7.33785,-7.29999,27.0468
-7.33413,-7.29732,27.0411
-7.33056,-7.29508,27.0351
-7.32714,-7.29328,27.0289
-7.32392,-7.29194,27.0224
-7.32091,-7.29106,27.0159
-7.31813,-7.29066,27.0092
-7.31562,-7.29073,27.0024
-7.31339,-7.29126,26.9957
-7.31145,-7.29226,26.989
-7.30982,-7.29371,26.9825
-7.30852,-7.29559,26.9761
-7.30754,-7.2979,26.97
-7.3069,-7.3006,26.9641
-7.3066,-7.30369,26.9585
-7.30665,-7.30712,26.9533
-7.30703,-7.31087,26.9485
-7.30775,-7.31491,26.9441
-7.30879,-7.3192,26.9402
-7.31016,-7.32372,26.9368
-7.31183,-7.32841,26.934
-7.31379,-7.33326,26.9316
-7.31602,-7.3382,26.9299
-7.3185,-7.34321,26.9287
-7.32123,-7.34824,26.9281
-7.32416,-7.35325,26.9281
-7.32727,-7.35821,26.9287
-7.33055,-7.36307,26.9299
-7.33396,-7.36778,26.9316
-7.33747,-7.37233,26.9339
-7.34106,-7.37666,26.9367
-7.34469,-7.38074,26.94
-7.34834,-7.38454,26.9438
-7.35197,-7.38804,26.948
-7.35557,-7.39119,26.9526
-7.35909,-7.39399,26.9577
-7.3625,-7.3964,26.963
-7.36579,-7.3984,26.9686
-7.36893,-7.39999,26.9745
-7.37188,-7.40115,26.9805
-7.37463,-7.40187,26.9867
-7.37715,-7.40215,26.9929
-7.37943,-7.40198,26.9992
-7.38144,-7.40137,27.0055
-7.38317,-7.40034,27.0117
-7.38461,-7.39887,27.0178
-7.38575,-7.397,27.0237
-7.38658,-7.39474,27.0294
-7.38709,-7.3921,27.0348
-7.38728,-7.38912,27.0399
-7.38715,-7.38581,27.0446
-7.3867,-7.38221,27.049
-7.38594,-7.37835,27.0529
-7.38487,-7.37426,27.0564
-7.38351,-7.36998,27.0594
-7.38187,-7.36554,27.0619
-7.37996,-7.36098,27.0639
-7.3778,-7.35634,27.0653
-7.3754,-7.35165,27.0662
-7.3728,-7.34696,27.0666
-7.37001,-7.34231,27.0664
-7.36706,-7.33772,27.0657
-7.36396,-7.33325,27.0644
-7.36075,-7.32893,27.0626
-7.35746,-7.32478,27.0603
-7.35411,-7.32085,27.0575
-7.35073,-7.31717,27.0543
-7.34734,-7.31375,27.0506
-7.34398,-7.31064,27.0465
-7.34067,-7.30785,27.0421
-7.33744,-7.30541,27.0374
-7.33432,-7.30333,27.0323
-7.33132,-7.30163,27.027
-7.32848,-7.30031,27.0216
-7.32582,-7.2994,27.016
-7.32335,-7.29888,27.0102
-7.3211,-7.29878,27.0044
-7.31908,-7.29907,26.9986
-7.31731,-7.29977,26.9929
-7.3158,-7.30086,26.9872
-7.31456,-7.30233,26.9817
-7.31361,-7.30417,26.9763
-7.31294,-7.30636,26.9711
-7.31256,-7.30888,26.9662
-7.31248,-7.31171,26.9616
-7.3127,-7.31483,26.9574
-7.3132,-7.31821,26.9535
-7.31398,-7.32182,26.9499
-7.31505,-7.32563,26.9468
-7.31638,-7.32961,26.9442
-7.31796,-7.33372,26.942
-7.31979,-7.33794,26.9403
-7.32184,-7.34223,26.9391
-7.3241,-7.34655,26.9384
-7.32655,-7.35087,26.9382
-7.32917,-7.35516,26.9385
-7.33193,-7.35937,26.9393
-7.33482,-7.36347,26.9406
-7.33781,-7.36744,26.9423
-7.34087,-7.37124,26.9446
-7.34398,-7.37484,26.9473
-7.34711,-7.3782,26.9503
-7.35024,-7.38131,26.9538
-7.35335,-7.38414,26.9577
-7.3564,-7.38667,26.9619
-7.35937,-7.38887,26.9664
-7.36225,-7.39073,26.9711
-7.36499,-7.39224,26.976
-7.36759,-7.39338,26.9812
-7.37003,-7.39415,26.9864
-7.37228,-7.39454,26.9918
-7.37432,-7.39455,26.9972
-7.37614,-7.39418,27.0026
-7.37773,-7.39343,27.0079
-7.37906,-7.39232,27.0132
-7.38015,-7.39085,27.0183
-7.38096,-7.38904,27.0233
-7.38151,-7.38691,27.028
-7.38179,-7.38446,27.0325
-7.38178,-7.38173,27.0367
-7.38151,-7.37874,27.0406
-7.38096,-7.37551,27.0442
-7.38015,-7.37208,27.0473
-7.37908,-7.36846,27.0501
-7.37777,-7.3647,27.0524
-7.37622,-7.36082,27.0543
-7.37445,-7.35686,27.0557
-7.37247,-7.35284,27.0567
-7.37031,-7.34881,27.0572
-7.36797,-7.3448,27.0572
-7.36549,-7.34083,27.0567
-7.36288,-7.33695,27.0558
-7.36016,-7.33318,27.0545
-7.35736,-7.32955,27.0527
-7.35449,-7.32609,27.0504
-7.35159,-7.32284,27.0478
-7.34868,-7.31981,27.0448
-7.34578,-7.31702,27.0415
-7.34292,-7.31451,27.0378
-7.34011,-7.31229,27.0338
-7.33739,-7.31037,27.0296
-7.33477,-7.30877,27.0251
-7.33227,-7.30751,27.0205
-7.32992,-7.30658,27.0157
-7.32772,-7.306,27.0108
-7.32571,-7.30576,27.0058
-7.32389,-7.30588,27.0009
-7.32228,-7.30634,26.9959
-7.32089,-7.30714,26.991
-7.31974,-7.30827,26.9862
-7.31882,-7.30972,26.9815
-7.31814,-7.31148,26.977
-7.31772,-7.31354,26.9727
-7.31755,-7.31587,26.9686
-7.31763,-7.31845,26.9648
-7.31796,-7.32127,26.9613
-7.31854,-7.3243,26.9582
-7.31935,-7.32751,26.9553
-7.32041,-7.33087,26.9529
-7.32168,-7.33437,26.9509
-7.32317,-7.33797,26.9492
-7.32486,-7.34163,26.948
-7.32673,-7.34534,26.9473
-7.32878,-7.34906,26.9469
-7.33097,-7.35276,26.947
-7.3333,-7.3564,26.9475
-7.33574,-7.35997,26.9484
-7.33827,-7.36343,26.9498
-7.34088,-7.36676,26.9516
-7.34354,-7.36992,26.9537
-7.34623,-7.37289,26.9562
-7.34892,-7.37566,26.9591
-7.3516,-7.37819,26.9623
-7.35425,-7.38046,26.9658
-7.35683,-7.38246,26.9695
-7.35934,-7.38418,26.9735
-7.36174,-7.3856,26.9777
-7.36403,-7.38671,26.9821
-7.36618,-7.38749,26.9865
-7.36818,-7.38796,26.9911
-7.37,-7.3881,26.9957
-7.37164,-7.38791,27.0004
-7.37309,-7.3874,27.005
-7.37433,-7.38657,27.0095
-7.37535,-7.38543,27.014
-7.37614,-7.38399,27.0183
-7.3767,-7.38227,27.0225
-7.37703,-7.38027,27.0264
-7.37713,-7.37802,27.0301
-7.37698,-7.37554,27.0336
-7.37661,-7.37285,27.0368
-7.376,-7.36997,27.0396
-7.37517,-7.36692,27.0421
-7.37413,-7.36374,27.0443
-7.37288,-7.36044,27.046
-7.37143,-7.35706,27.0474
-7.3698,-7.35363,27.0484
-7.36801,-7.35017,27.049
-7.36606,-7.34671,27.0492
-7.36397,-7.34329,27.049
-7.36177,-7.33992,27.0483
-7.35947,-7.33664,27.0473
-7.35709,-7.33347,27.0459
-7.35465,-7.33043,27.0442
-7.35217,-7.32756,27.0421
-7.34967,-7.32488,27.0396
-7.34717,-7.3224,27.0368
-7.3447,-7.32014,27.0338
-7.34226,-7.31813,27.0305
-7.33989,-7.31637,27.0269
-7.3376,-7.31488,27.0232
-7.33541,-7.31368,27.0192
-7.33333,-7.31276,27.0152
-7.33139,-7.31214,27.011
-7.3296,-7.31181,27.0068
-7.32796,-7.31179,27.0025
-7.32651,-7.31207,26.9982
-7.32523,-7.31264,26.994
-7.32416,-7.31349,26.9898
-7.32328,-7.31463,26.9857
-7.32262,-7.31604,26.9818
-7.32217,-7.31771,26.978
-7.32193,-7.31962,26.9744
-7.32191,-7.32176,26.971
-7.32211,-7.3241,26.9679
-7.32252,-7.32663,26.9651
-7.32314,-7.32933,26.9626
-7.32397,-7.33218,26.9603
-7.32499,-7.33514,26.9585
-7.3262,-7.3382,26.9569
-7.32758,-7.34133,26.9557
-7.32913,-7.34451,26.9549
-7.33083,-7.3477,26.9545
-7.33266,-7.35089,26.9544
-7.33462,-7.35405,26.9547
-7.33668,-7.35714,26.9553
-7.33883,-7.36016,26.9564
-7.34105,-7.36306,26.9577
-7.34332,-7.36584,26.9595
-7.34562,-7.36846,26.9615
-7.34794,-7.37091,26.9639
-7.35025,-7.37316,26.9665
-7.35253,-7.37521,26.9694
-7.35478,-7.37702,26.9725
-7.35696,-7.3786,26.9759
-7.35906,-7.37992,26.9794
-7.36107,-7.38098,26.9831
-7.36297,-7.38176,26.9869
-7.36474,-7.38228,26.9908
-7.36636,-7.38251,26.9947
-7.36784,-7.38246,26.9987
-7.36915,-7.38213,27.0027
-7.37029,-7.38152,27.0066
-7.37124,-7.38065,27.0105
-7.372,-7.37952,27.0143
-7.37256,-7.37813,27.0179
-7.37292,-7.37651,27.0214
-7.37309,-7.37466,27.0247
-7.37304,-7.37261,27.0277
-7.3728,-7.37037,27.0305
-7.37236,-7.36796,27.0331
-7.37172,-7.3654,27.0354
-7.3709,-7.36271,27.0373
-7.3699,-7.35991,27.039
-7.36872,-7.35704,27.0403
-7.36738,-7.3541,27.0413
-7.3659,-7.35114,27.0419
-7.36427,-7.34816,27.0422
-7.36253,-7.34521,27.0422
-7.36068,-7.34229,27.0418
-7.35873,-7.33944,27.0411
-7.35671,-7.33667,27.04
-7.35464,-7.33402,27.0386
-7.35252,-7.33149,27.0369
-7.35037,-7.32911,27.0349
-7.34822,-7.32691,27.0327
-7.34609,-7.32489,27.0301
-7.34398,-7.32307,27.0274
-7.34192,-7.32147,27.0244
-7.33992,-7.3201,27.0212
-7.338,-7.31896,27.0179
-7.33617,-7.31807,27.0145
-7.33446,-7.31743,27.0109
-7.33286,-7.31705,27.0073
-7.3314,-7.31693,27.0036
-7.33009,-7.31706,26.9999
-7.32893,-7.31745,26.9963
-7.32793,-7.31809,26.9927
-7.32711,-7.31897,26.9891
-7.32647,-7.32009,26.9857
-7.326,-7.32143,26.9824
-7.32573,-7.32299,26.9792
-7.32563,-7.32475,26.9763
-7.32573,-7.3267,26.9735
-7.32601,-7.32881,26.971
-7.32647,-7.33108,26.9687
-7.32711,-7.33347,26.9667
-7.32792,-7.33598,26.9649
-7.3289,-7.33858,26.9635
-7.33003,-7.34125,26.9623
-7.3313,-7.34397,26.9615
-7.33271,-7.34671,26.961
-7.33424,-7.34946,26.9608
-7.33589,-7.35218,26.9609
-7.33762,-7.35487,26.9614
-7.33944,-7.35749,26.9621
-7.34133,-7.36003,26.9632
-7.34326,-7.36246,26.9645
-7.34523,-7.36477,26.9662
-7.34722,-7.36693,26.9681
-7.34921,-7.36894,26.9703
-7.35118,-7.37077,26.9727
-7.35313,-7.37241,26.9753
-7.35502,-7.37384,26.9781
-7.35686,-7.37507,26.9811
-7.35862,-7.37607,26.9842
-7.36029,-7.37684,26.9874
-7.36185,-7.37737,26.9907
-7.3633,-7.37766,26.9941
-7.36462,-7.37772,26.9975
-7.36581,-7.37753,27.001
-7.36684,-7.37711,27.0044
-7.36773,-7.37645,27.0077
-7.36844,-7.37556,27.011
-7.369,-7.37446,27.0142
-7.36938,-7.37315,27.0172
-7.36959,-7.37164,27.0201
-7.36962,-7.36994,27.0228
-7.36948,-7.36808,27.0253
-7.36917,-7.36607,27.0276
-7.36869,-7.36392,27.0296
-7.36805,-7.36165,27.0314
-7.36725,-7.35928,27.033
-7.3663,-7.35684,27.0342
-7.3652,-7.35434,27.0352
-7.36398,-7.3518,27.0359
-7.36263,-7.34924,27.0362
-7.36117,-7.34669,27.0363
-7.35961,-7.34417,27.0361
-7.35797,-7.3417,27.0356
-7.35626,-7.33929,27.0348
-7.3545,-7.33696,27.0337
-7.35269,-7.33475,27.0323
-7.35085,-7.33265,27.0307
-7.34901,-7.33069,27.0289
-7.34717,-7.32889,27.0268
-7.34534,-7.32726,27.0245
-7.34355,-7.32581,27.022
-7.34181,-7.32454,27.0194
-7.34013,-7.32348,27.0166
-7.33853,-7.32263,27.0136
-7.33701,-7.322,27.0106
-7.3356,-7.32158,27.0075
-7.3343,-7.32138,27.0044
-7.33311,-7.32141,27.0012
-7.33206,-7.32165,26.9981
-7.33115,-7.32211,26.9949
-7.33038,-7.32279,26.9919
-7.32977,-7.32367,26.9889
-7.32931,-7.32475,26.986
-7.329,-7.32602,26.9832
-7.32886,-7.32746,26.9806
-7.32888,-7.32907,26.9782
-7.32906,-7.33083,26.9759
-7.32939,-7.33273,26.9738
-7.32988,-7.33475,26.972
-7.33052,-7.33687,26.9704
-7.3313,-7.33907,26.9691
-7.33222,-7.34134,26.968
-7.33326,-7.34367,26.9672
-7.33443,-7.34602,26.9666
-7.33571,-7.34838,26.9663
-7.33708,-7.35073,26.9663
-7.33854,-7.35305,26.9666
-7.34008,-7.35533,26.9672
-7.34168,-7.35754,26.968
-7.34332,-7.35967,26.969
-7.34501,-7.3617,26.9704
-7.34671,-7.36361,26.9719
-7.34842,-7.36539,26.9737
-7.35012,-7.36702,26.9757
-7.35181,-7.3685,26.9778
-7.35345,-7.3698,26.9802
-7.35506,-7.37093,26.9827
-7.3566,-7.37186,26.9853
-7.35806,-7.3726,26.9881
-7.35944,-7.37314,26.9909
-7.36073,-7.37348,26.9938
-7.36191,-7.37361,26.9967
-7.36298,-7.37353,26.9997
-7.36392,-7.37325,27.0026
-7.36473,-7.37276,27.0055
-7.3654,-7.37208,27.0083
-7.36594,-7.3712,27.0111
-7.36632,-7.37015,27.0137
-7.36656,-7.36892,27.0163
-7.36665,-7.36752,27.0187
-7.36659,-7.36598,27.0209
-7.36638,-7.3643,27.0229
-7.36603,-7.3625,27.0248
-7.36553,-7.36059,27.0264
-7.3649,-7.35859,27.0278
-7.36413,-7.35651,27.029
-7.36324,-7.35438,27.0299
-7.36223,-7.35221,27.0306
-7.36112,-7.35002,27.031
-7.3599,-7.34783,27.0312
-7.3586,-7.34565,27.0311
-7.35721,-7.3435,27.0308
-7.35577,-7.34141,27.0302
-7.35427,-7.33938,27.0294
-7.35273,-7.33744,27.0283
-7.35116,-7.33559,27.027
-7.34957,-7.33386,27.0255
-7.34799,-7.33226,27.0238
-7.34641,-7.33079,27.0219
-7.34486,-7.32948,27.0198
-7.34335,-7.32833,27.0176
-7.34188,-7.32735,27.0152
-7.34048,-7.32654,27.0128
-7.33914,-7.32592,27.0102
-7.33789,-7.32548,27.0076
-7.33673,-7.32524,27.0049
-7.33567,-7.32518,27.0022
-7.33472,-7.32532,26.9994
-7.33389,-7.32564,26.9967
-7.33318,-7.32614,26.9941
-7.3326,-7.32683,26.9915
-7.33215,-7.32769,26.9889
-7.33183,-7.32872,26.9865
-7.33165,-7.3299,26.9842
-7.33161,-7.33123,26.9821
-7.33171,-7.33269,26.9801
-7.33194,-7.33428,26.9782
-7.33231,-7.33597,26.9766
-7.33281,-7.33776,26.9751
-7.33343,-7.33963,26.9739
-7.33417,-7.34156,26.9728
-7.33503,-7.34354,26.972
-7.33599,-7.34555,26.9715
-7.33705,-7.34758,26.9711
-7.3382,-7.34961,26.971
-7.33943,-7.35161,26.9712
-7.34072,-7.35359,26.9716
-7.34208,-7.35551,26.9722
-7.34348,-7.35737,26.973
-7.34491,-7.35915,26.9741
-7.34637,-7.36084,26.9753
-7.34784,-7.36241,26.9768
-7.34931,-7.36387,26.9784
-7.35076,-7.36519,26.9802
-7.35219,-7.36637,26.9822
-7.35358,-7.3674,26.9843
-7.35493,-7.36827,26.9865
-7.35622,-7.36897,26.9888
-7.35743,-7.36951,26.9912
-7.35857,-7.36987,26.9937
-7.35962,-7.37005,26.9962
-7.36058,-7.37005,26.9987
-7.36143,-7.36988,27.0012
-7.36218,-7.36953,27.0037
-7.3628,-7.36901,27.0062
-7.36331,-7.36832,27.0086
-7.36369,-7.36748,27.0109
-7.36395,-7.36648,27.0131
-7.36408,-7.36534,27.0152
-7.36408,-7.36407,27.0172
-7.36395,-7.36267,27.019
-7.3637,-7.36116,27.0207
-7.36332,-7.35956,27.0221
-7.36282,-7.35787,27.0234
-7.36221,-7.35611,27.0245
-7.36148,-7.3543,27.0254
-7.36066,-7.35244,27.0261
-7.35973,-7.35057,27.0265
-7.35872,-7.34868,27.0268
-7.35763,-7.3468,27.0268
-7.35647,-7.34494,27.0266
-7.35525,-7.34313,27.0262
-7.35398,-7.34136,27.0255
-7.35267,-7.33966,27.0247
-7.35133,-7.33804,27.0237
-7.34997,-7.33651,27.0224
-7.34861,-7.33508,27.021
-7.34725,-7.33378,27.0195
-7.34591,-7.33259,27.0178
-7.34459,-7.33155,27.0159
-7.34331,-7.33064,27.0139
-7.34208,-7.32989,27.0118
-7.34091,-7.32929,27.0097
-7.33981,-7.32885,27.0074
-7.33878,-7.32857,27.0051
-7.33783,-7.32846,27.0028
-7.33698,-7.32851,27.0005
-7.33622,-7.32872,26.9981
-7.33557,-7.32909,26.9958
-7.33502,-7.32962,26.9936
-7.33459,-7.3303,26.9914
-7.33427,-7.33112,26.9892
-7.33407,-7.33209,26.9872
-7.33398,-7.33318,26.9853
-7.33402,-7.33439,26.9835
-7.33417,-7.33571,26.9819
-7.33444,-7.33713,26.9804
-7.33483,-7.33864,26.9791
-7.33532,-7.34022,26.978
-7.33592,-7.34186,26.977
-7.33661,-7.34355,26.9762
-7.33741,-7.34527,26.9757
-7.33828,-7.34701,26.9753
-7.33924,-7.34875,26.9751
-7.34027,-7.35048,26.9752
-7.34136,-7.35219,26.9754
-7.34251,-7.35387,26.9759
-7.34369,-7.35549,26.9765
-7.34492,-7.35705,26.9773
-7.34616,-7.35853,26.9783
-7.34742,-7.35992,26.9795
-7.34869,-7.36121,26.9809
-7.34994,-7.3624,26.9824
-7.35118,-7.36346,26.984
-7.35239,-7.3644,26.9857
-7.35356,-7.3652,26.9876
-7.35469,-7.36586,26.9896
-7.35576,-7.36638,26.9916
-7.35677,-7.36675,26.9937
-7.3577,-7.36697,26.9958
-7.35856,-7.36703,26.998
-7.35933,-7.36694,27.0002
-7.36,-7.3667,27.0023
-7.36058,-7.36632,27.0045
-7.36106,-7.36578,27.0066
-7.36143,-7.36511,27.0086
-7.3617,-7.36431,27.0105
-7.36185,-7.36337,27.0124
-7.3619,-7.36232,27.0141
-7.36183,-7.36116,27.0157
-7.36165,-7.35991,27.0172
-7.36137,-7.35856,27.0185
-7.36099,-7.35714,27.0197
-7.3605,-7.35565,27.0207
-7.35991,-7.35411,27.0216
-7.35924,-7.35253,27.0222
-7.35848,-7.35092,27.0227
-7.35764,-7.34931,27.023
-7.35673,-7.34769,27.023
-7.35575,-7.34608,27.023
-7.35472,-7.34451,27.0227
-7.35365,-7.34297,27.0222
-7.35253,-7.34148,27.0215
-7.35139,-7.34006,27.0207
-7.35023,-7.33871,27.0197
-7.34906,-7.33745,27.0186
-7.34789,-7.33629,27.0173
-7.34673,-7.33522,27.0159
-7.34559,-7.33428,27.0143
-7.34448,-7.33345,27.0127
-7.3434,-7.33275,27.0109
-7.34238,-7.33218,27.0091
-7.3414,-7.33175,27.0072
-7.34049,-7.33145,27.0052
-7.33965,-7.3313,27.0032
-7.33888,-7.33128,27.0012
-7.33819,-7.33141,26.9992
-7.3376,-7.33167,26.9972
-7.33709,-7.33207,26.9952
