1.013,1.25875,0.9914
1.0494,1.52181,0.985887
1.10769,1.79514,0.983975
1.18706,2.08432,0.986401
1.28729,2.39473,0.994147
1.40868,2.73169,1.00848
1.55201,3.10055,1.03102
1.7185,3.50683,1.0638
1.90979,3.95625,1.1094
2.1279,4.45485,1.17106
2.37528,5.00898,1.2528
2.65474,5.62533,1.35972
2.9695,6.31091,1.49812
3.32312,7.07296,1.67588
3.71956,7.91881,1.90277
4.16307,8.85562,2.19083
4.65815,9.89,2.55489
5.2095,11.0274,3.01298
5.82177,12.2714,3.5869
6.49942,13.6225,4.30262
7.24631,15.0764,5.1906
8.06528,16.6225,6.28577
8.95747,18.241,7.62699
9.92153,19.9001,9.25562
10.9525,21.5528,11.2128
12.0407,23.1341,13.5352
13.1701,24.5587,16.2483
14.3171,25.7214,19.3579
15.4495,26.5006,22.84
16.526,26.7676,26.6301
17.4969,26.402,30.6157
18.3068,25.3128,34.6357
18.899,23.4613,38.4892
19.2215,20.8811,41.9583
19.2346,17.6858,44.8392
18.9167,14.0601,46.9783
18.2688,10.2336,48.2988
17.3149,6.4428,48.8118
16.0986,2.89463,48.6071
14.6769,-0.259932,47.8286
13.1126,-2.93565,46.6432
11.4672,-5.10812,45.2135
9.79642,-6.79941,43.6784
8.14642,-8.06088,42.1448
6.55314,-8.95757,40.6862
5.04253,-9.55678,39.3475
3.63177,-9.92084,38.1508
2.3308,-10.1036,37.102
1.14398,-10.1492,36.1961
0.0715134,-10.0928,35.4218
-0.889313,-9.96148,34.7644
-1.74318,-9.77589,34.2079
-2.49599,-9.55153,33.7363
-3.15433,-9.30001,33.3347
-3.72511,-9.03011,32.9891
-4.21527,-8.74856,32.6874
-4.63168,-8.46061,32.4188
-4.98097,-8.17052,32.174
-5.26949,-7.88177,31.9455
-5.50332,-7.59737,31.7267
-5.68821,-7.31987,31.5125
-5.82956,-7.05155,31.2989
-5.93251,-6.79435,31.0827
-6.00184,-6.54998,30.8617
-6.04205,-6.31988,30.6345
-6.05733,-6.10524,30.4001
-6.05156,-5.907,30.1582
-6.02834,-5.72586,29.9088
-5.99099,-5.56229,29.6523
-5.94253,-5.41656,29.3893
-5.88573,-5.28875,29.1205
-5.82307,-5.17878,28.8471
-5.75681,-5.08642,28.5698
-5.68894,-5.01133,28.2899
-5.62124,-4.95309,28.0085
-5.55526,-4.91121,27.7265
-5.49238,-4.88515,27.4451
-5.43378,-4.87436,27.1653
-5.38046,-4.87828,26.8882
-5.33331,-4.89636,26.6147
-5.29304,-4.92805,26.3459
-5.26028,-4.97285,26.0826
-5.23553,-5.03027,25.8257
-5.21921,-5.09987,25.5763
-5.21165,-5.18125,25.335
-5.21311,-5.27402,25.1029
-5.22381,-5.37782,24.8808
-5.2439,-5.49235,24.6695
-5.27349,-5.61729,24.47
-5.31265,-5.75233,24.2832
-5.36142,-5.89719,24.1099
-5.4198,-6.05155,23.9512
-5.48776,-6.21507,23.8079
-5.56525,-6.38739,23.6811
-5.65218,-6.56808,23.5717
-5.74842,-6.75666,23.4807
-5.85381,-6.95255,23.4093
-5.96815,-7.15509,23.3584
-6.09118,-7.36349,23.3291
-6.2226,-7.57684,23.3224
-6.36201,-7.79407,23.3393
-6.50899,-8.01395,23.3807
-6.66299,-8.23507,23.4475
-6.82338,-8.45584,23.5403
-6.98945,-8.67446,23.6599
-7.16036,-8.88893,23.8067
-7.33514,-9.09706,23.9808
-7.51272,-9.29646,24.1821
-7.69186,-9.48459,24.4104
-7.87124,-9.65877,24.6649
-8.04935,-9.81623,24.9444
-8.22459,-9.95413,25.2474
-8.39524,-10.0697,25.5719
-8.55947,-10.1602,25.9153
-8.71538,-10.2231,26.2746
-8.86102,-10.2563,26.6463
-8.99444,-10.2577,27.0263
-9.1137,-10.2261,27.4104
-9.21696,-10.1606,27.7938
-9.30247,-10.0608,28.1716
-9.36869,-9.92739,28.5387
-9.41428,-9.76137,28.8901
-9.43818,-9.56462,29.221
-9.43965,-9.33968,29.5268
-9.41827,-9.08969,29.8033
-9.37402,-8.81832,30.047
-9.30723,-8.52968,30.2549
-9.2186,-8.22812,30.4248
-9.10921,-7.91816,30.5552
-8.98047,-7.60431,30.6455
-8.83405,-7.29097,30.6955
-8.67191,-6.98225,30.7062
-8.49616,-6.68193,30.6787
-8.30909,-6.39335,30.6148
-8.11304,-6.11939,30.5169
-7.91037,-5.8624,30.3874
-7.70344,-5.62423,30.2292
-7.49452,-5.40623,30.0451
-7.28576,-5.2093,29.838
-7.0792,-5.03394,29.6108
-6.87668,-4.88026,29.3665
-6.67988,-4.7481,29.1075
-6.49029,-4.63703,28.8366
-6.3092,-4.54646,28.5561
-6.13771,-4.47565,28.2681
-5.97675,-4.42376,27.9748
-5.82708,-4.38993,27.678
-5.68929,-4.37325,27.3793
-5.56385,-4.37287,27.0804
-5.45108,-4.38793,26.7827
-5.3512,-4.41765,26.4875
-5.26435,-4.4613,26.196
-5.19058,-4.51823,25.9093
-5.12987,-4.58786,25.6286
-5.08217,-4.66969,25.3548
-5.04737,-4.76326,25.089
-5.02535,-4.86823,24.8321
-5.01595,-4.98426,24.585
-5.01901,-5.11111,24.3487
-5.03437,-5.24856,24.1241
-5.06185,-5.3964,23.9122
-5.10128,-5.55448,23.714
-5.15249,-5.72263,23.5304
-5.2153,-5.90066,23.3625
-5.28956,-6.08838,23.2114
-5.37506,-6.28553,23.0782
-5.47164,-6.49181,22.9641
-5.57909,-6.70683,22.8702
-5.69718,-6.9301,22.7977
-5.82566,-7.16102,22.748
-5.96424,-7.39882,22.7223
-6.11256,-7.64258,22.7218
-6.27023,-7.8912,22.7479
-6.43674,-8.14335,22.8017
-6.61153,-8.39747,22.8843
-6.7939,-8.65174,22.9969
-6.98307,-8.90411,23.1402
-7.17808,-9.15222,23.315
-7.37786,-9.39345,23.5217
-7.58117,-9.62493,23.7604
-7.78658,-9.84352,24.0308
-7.99252,-10.0459,24.3322
-8.19723,-10.2286,24.6635
-8.39877,-10.388,25.0227
-8.59506,-10.5206,25.4075
-8.78387,-10.6229,25.8149
-8.96286,-10.6917,26.2411
-9.12964,-10.7241,26.6818
-9.28177,-10.7177,27.1319
-9.41685,-10.6707,27.586
-9.53258,-10.5821,28.0381
-9.62681,-10.4517,28.4819
-9.69763,-10.2802,28.9111
-9.74342,-10.0694,29.3193
-9.76293,-9.82184,29.7005
-9.75531,-9.54106,30.0492
-9.72019,-9.23137,30.3602
-9.65767,-8.89776,30.6296
-9.56833,-8.54568,30.854
-9.45325,-8.18085,31.0311
-9.31396,-7.8091,31.1598
-9.15238,-7.43614,31.2398
-8.97079,-7.06736,31.2719
-8.77175,-6.70773,31.2575
-8.55803,-6.36163,31.1989
-8.3325,-6.03282,31.0989
-8.09811,-5.72433,30.9607
-7.85775,-5.43854,30.788
-7.61425,-5.1771,30.5843
-7.37029,-4.9411,30.3534
-7.12838,-4.73101,30.0988
-6.89078,-4.54686,29.8242
-6.65955,-4.38828,29.5327
-6.43648,-4.25456,29.2275
-6.22312,-4.14478,28.9114
-6.02077,-4.05785,28.587
-5.8305,-3.99258,28.2567
-5.65315,-3.94774,27.9224
-5.48938,-3.92209,27.5861
-5.33967,-3.91445,27.2495
-5.20432,-3.92369,26.9142
-5.08352,-3.94877,26.5814
-4.97735,-3.98875,26.2524
-4.88579,-4.04279,25.9283
-4.80874,-4.11018,25.6102
-4.74607,-4.1903,25.2991
-4.69759,-4.28264,24.996
-4.66308,-4.38681,24.7016
-4.64233,-4.50247,24.417
-4.63511,-4.62939,24.143
-4.64119,-4.76742,23.8804
-4.66036,-4.91644,23.6303
-4.69241,-5.0764,23.3935
-4.73716,-5.24726,23.171
-4.79443,-5.42901,22.9638
-4.86408,-5.62164,22.7731
-4.94595,-5.82512,22.5998
-5.03991,-6.03937,22.4454
-5.14584,-6.26428,22.3109
-5.26359,-6.49965,22.1977
-5.39304,-6.74515,22.1073
-5.53401,-7.00037,22.0411
-5.6863,-7.26469,22.0007
-5.84967,-7.53735,21.9875
-6.02382,-7.81735,22.0032
-6.20836,-8.10343,22.0494
-6.40281,-8.39407,22.1276
-6.60658,-8.68743,22.2395
-6.81895,-8.98132,22.3862
-7.03902,-9.27321,22.5691
-7.26575,-9.56018,22.7892
-7.49787,-9.83893,23.047
-7.73392,-10.1058,23.343
-7.9722,-10.3568,23.6767
-8.21079,-10.5876,24.0474
-8.44752,-10.7937,24.4536
-8.67999,-10.9704,24.8929
-8.90558,-11.1132,25.3624
-9.12149,-11.2175,25.8578
-9.32477,-11.2792,26.3744
-9.51238,-11.2947,26.9063
-9.68126,-11.2611,27.4468
-9.82839,-11.1763,27.9887
-9.95091,-11.0396,28.5241
-10.0462,-10.8511,29.0447
-10.112,-10.6126,29.5425
-10.1465,-10.327,30.0093
-10.1482,-9.99849,30.4378
-10.1167,-9.63245,30.8213
-10.0516,-9.23523,31.1542
-9.95354,-8.81389,31.4321
-9.82379,-8.37594,31.6519
-9.66412,-7.92902,31.8122
-9.4769,-7.48064,31.9126
-9.26497,-7.03785,31.9542
-9.03156,-6.60711,31.9392
-8.78015,-6.19402,31.8708
-8.51437,-5.80328,31.7528
-8.23794,-5.4386,31.5896
-7.9545,-5.10273,31.3858
-7.66756,-4.79747,31.1465
-7.38044,-4.52379,30.8762
-7.09619,-4.28194,30.5796
-6.81754,-4.07153,30.261
-6.54693,-3.89169,29.9246
-6.28643,-3.74118,29.5738
-6.03782,-3.61848,29.2122
-5.80251,-3.52195,28.8424
-5.58165,-3.44982,28.4673
-5.3761,-3.40036,28.0889
-5.18646,-3.37185,27.7093
-5.01314,-3.3627,27.3303
-4.85635,-3.37142,26.9533
-4.71614,-3.39665,26.5796
-4.59244,-3.4372,26.2104
-4.48508,-3.49205,25.8468
-4.39382,-3.56031,25.4898
-4.31838,-3.64128,25.1401
-4.25841,-3.73437,24.7986
-4.21357,-3.83915,24.4661
-4.18353,-3.95531,24.1435
-4.16794,-4.08267,23.8313
-4.16648,-4.22113,23.5305
-4.17887,-4.37068,23.2418
-4.20485,-4.53141,22.9661
-4.24419,-4.70342,22.7043
-4.29671,-4.8869,22.4573
-4.36224,-5.08205,22.226
-4.44067,-5.28908,22.0117
-4.53192,-5.50819,21.8154
-4.63593,-5.73956,21.6384
-4.75265,-5.98332,21.4821
-4.88206,-6.23951,21.348
-5.02414,-6.5081,21.2376
-5.17885,-6.78891,21.1526
-5.34614,-7.08159,21.0949
-5.52592,-7.38561,21.0663
-5.71806,-7.70018,21.0688
-5.92233,-8.02423,21.1044
-6.13842,-8.35638,21.1753
-6.36589,-8.69483,21.2836
-6.60417,-9.03742,21.4313
-6.8525,-9.38147,21.6204
-7.10992,-9.72382,21.8526
-7.37523,-10.0608,22.1294
-7.64698,-10.3881,22.4518
-7.9234,-10.7011,22.8204
-8.20245,-10.9944,23.2351
-8.48173,-11.2623,23.6949
-8.75851,-11.4988,24.1979
-9.02973,-11.6976,24.7413
-9.29205,-11.8527,25.3209
-9.54183,-11.9578,25.9312
-9.77524,-12.0077,26.5655
-9.98833,-11.9976,27.216
-10.1771,-11.9239,27.8734
-10.3378,-11.7845,28.5279
-10.4666,-11.5789,29.1686
-10.5603,-11.3083,29.7848
-10.6163,-10.9758,30.3656
-10.6324,-10.5866,30.9007
-10.6074,-10.1475,31.3809
-10.5407,-9.66675,31.7985
-10.4328,-9.15374,32.1474
-10.2851,-8.61861,32.4233
-10.0997,-8.07174,32.6241
-9.87966,-7.5233,32.7496
-9.62858,-6.98283,32.8016
-9.35063,-6.45891,32.7832
-9.05032,-5.95892,32.6991
-8.7324,-5.48883,32.5548
-8.40163,-5.05321,32.3564
-8.0627,-4.65521,32.1105
-7.72009,-4.29667,31.8234
-7.37796,-3.97827,31.5016
-7.04008,-3.69971,31.1509
-6.7098,-3.4599,30.7769
-6.39002,-3.25714,30.3845
-6.08315,-3.08931,29.9781
-5.79117,-2.95402,29.5615
-5.51564,-2.84873,29.1379
-5.25772,-2.77091,28.7103
-5.01822,-2.71806,28.281
-4.79764,-2.68783,27.8519
-4.59622,-2.67805,27.4248
-4.41398,-2.68673,27.0011
-4.25075,-2.71212,26.5819
-4.10624,-2.75271,26.1683
-3.98004,-2.80721,25.7612
-3.87167,-2.87454,25.3613
-3.78061,-2.95384,24.9693
-3.70632,-3.04445,24.5858
-3.64825,-3.14589,24.2115
-3.60586,-3.25786,23.8468
-3.57866,-3.38018,23.4925
-3.56618,-3.51282,23.1491
-3.56801,-3.65589,22.8171
-3.58377,-3.80956,22.4973
-3.61318,-3.97413,22.1903
-3.65598,-4.14996,21.8969
-3.71199,-4.33745,21.6179
-3.78108,-4.53709,21.3542
-3.8632,-4.74936,21.1069
-3.95832,-4.97479,20.877
-4.0665,-5.21387,20.6658
-4.1878,-5.46711,20.4745
-4.32236,-5.73494,20.3048
-4.47032,-6.01773,20.1583
-4.63184,-6.31577,20.0368
-4.8071,-6.62919,19.9422
-4.99625,-6.95794,19.8767
-5.19943,-7.30178,19.8427
-5.41671,-7.66017,19.8426
-5.6481,-8.03225,19.8792
-5.89351,-8.41677,19.9552
-6.15272,-8.81201,20.0736
-6.42533,-9.2157,20.2371
-6.71075,-9.62498,20.4489
-7.00812,-10.0363,20.7115
-7.31632,-10.4453,21.0276
-7.63386,-10.8471,21.3994
-7.95888,-11.2355,21.8283
-8.2891,-11.604,22.3151
-8.62178,-11.945,22.8598
-8.95367,-12.2505,23.4608
-9.28106,-12.5119,24.1153
-9.59976,-12.7203,24.8188
-9.90512,-12.8672,25.5648
-10.1922,-12.9444,26.3451
-10.4556,-12.9448,27.1495
-10.69,-12.8627,27.9658
-10.8902,-12.6943,28.7806
-11.051,-12.4384,29.5791
-11.1678,-12.0964,30.3463
-11.2369,-11.6725,31.067
-11.2552,-11.1739,31.727
-11.2209,-10.6105,32.3135
-11.1334,-9.99418,32.8161
-10.9934,-9.33868,33.227
-10.8028,-8.65858,33.5413
-10.5648,-7.96859,33.7573
-10.2838,-7.28287,33.8761
-9.96486,-6.61434,33.9016
-9.61385,-5.9742,33.8397
-9.23702,-5.3716,33.6981
-8.84081,-4.81349,33.4855
-8.43156,-4.30465,33.2111
-8.01538,-3.84778,32.8841
-7.59796,-3.44379,32.5135
-7.18444,-3.09203,32.1077
-6.77936,-2.79069,31.6742
-6.38659,-2.53703,31.2197
-6.00933,-2.3277,30.7499
-5.65015,-2.15902,30.2697
-5.311,-2.02713,29.7833
-4.99328,-1.92821,29.2939
-4.69791,-1.85857,28.8042
-4.42535,-1.81476,28.3164
-4.17574,-1.79362,27.8322
-3.94889,-1.79232,27.3529
-3.7444,-1.80836,26.8796
-3.56167,-1.8396,26.4131
-3.39998,-1.88421,25.9541
-3.25852,-1.94068,25.503
-3.13642,-2.00782,25.0604
-3.03281,-2.08467,24.6265
-2.94681,-2.17054,24.2017
-2.87757,-2.26494,23.7863
-2.8243,-2.36761,23.3806
-2.78626,-2.47842,22.9848
-2.76276,-2.59744,22.5993
-2.75322,-2.72485,22.2243
-2.75711,-2.86096,21.8603
-2.77401,-3.00619,21.5077
-2.80357,-3.16106,21.1668
-2.84553,-3.32617,20.8383
-2.89972,-3.50219,20.5226
-2.96604,-3.68986,20.2205
-3.0445,-3.88997,19.9328
-3.13515,-4.10338,19.6602
-3.23816,-4.33096,19.4038
-3.35372,-4.57361,19.1646
-3.48214,-4.83225,18.9441
-3.62375,-5.10779,18.7436
-3.77895,-5.40109,18.5648
-3.94818,-5.713,18.4095
-4.13192,-6.04426,18.2798
-4.33065,-6.39548,18.1781
-4.54488,-6.76714,18.107
-4.77509,-7.15944,18.0693
-5.02174,-7.57235,18.0684
-5.28519,-8.00543,18.1077
-5.56576,-8.45779,18.1909
-5.86357,-8.92799,18.3221
-6.1786,-9.41389,18.5057
-6.51057,-9.91256,18.746
-6.85893,-10.4201,19.0474
-7.22274,-10.9316,19.4143
-7.60062,-11.4409,19.8507
-7.9907,-11.9406,20.3602
-8.39049,-12.4219,20.9454
-8.79687,-12.8747,21.6076
-9.20594,-13.2877,22.3468
-9.61308,-13.6483,23.1607
-10.0129,-13.9435,24.0447
-10.3991,-14.1598,24.9913
-10.7649,-14.2844,25.9899
-11.103,-14.3055,27.0268
-11.4054,-14.2132,28.0851
-11.6646,-14.0008,29.145
-11.8729,-13.6654,30.185
-12.0233,-13.2084,31.1822
-12.1102,-12.6362,32.1137
-12.1289,-11.9598,32.9582
-12.0768,-11.1949,33.697
-11.953,-10.3606,34.3152
-11.7588,-9.47868,34.8026
-11.4975,-8.57185,35.1541
-11.1741,-7.66257,35.3696
-10.7955,-6.77171,35.454
-10.3696,-5.91749,35.4159
-9.90528,-5.11477,35.267
-9.41163,-4.37467,35.0207
-8.89789,-3.70458,34.6916
-8.37291,-3.10839,34.2941
-7.84487,-2.58692,33.842
-7.32116,-2.1385,33.3477
-6.80816,-1.75955,32.8223
-6.31125,-1.44514,32.2752
-5.83475,-1.18951,31.7143
-5.38203,-0.986489,31.1459
-4.95549,-0.829829,30.575
-4.55676,-0.713464,30.0054
-4.18672,-0.631683,29.4399
-3.84566,-0.579245,28.8807
-3.53337,-0.551444,28.3293
-3.24923,-0.54413,27.7865
-2.99232,-0.553706,27.2531
-2.76149,-0.577107,26.7295
-2.55544,-0.611765,26.2158
-2.37276,-0.655563,25.7121
-2.21202,-0.706793,25.2184
-2.07174,-0.764111,24.7346
-1.95052,-0.82649,24.2606
-1.84697,-0.89318,23.7964
-1.7598,-0.963674,23.3417
-1.68778,-1.03767,22.8966
-1.62981,-1.11503,22.4608
-1.58486,-1.19579,22.0345
-1.55203,-1.28011,21.6174
-1.53051,-1.36824,21.2095
-1.51961,-1.46056,20.8109
-1.51873,-1.5575,20.4214
-1.52739,-1.6596,20.0413
-1.5452,-1.76744,19.6705
-1.57186,-1.8817,19.3091
-1.60719,-2.00308,18.9573
-1.65106,-2.13236,18.6152
-1.70347,-2.2704,18.2831
-1.76447,-2.41809,17.9613
-1.83421,-2.5764,17.6501
-1.91292,-2.74636,17.3499
-2.00091,-2.92906,17.0612
-2.09856,-3.12566,16.7847
-2.20634,-3.33741,16.5211
-2.32479,-3.56559,16.2713
-2.45451,-3.81159,16.0362
-2.59621,-4.07683,15.8171
-2.75065,-4.36281,15.6154
-2.91866,-4.67106,15.4328
-3.10114,-5.00314,15.2711
-3.29906,-5.36064,15.1326
-3.51346,-5.74508,15.0199
-3.74539,-6.15796,14.936
-3.99597,-6.60062,14.8843
-4.26632,-7.0742,14.8687
-4.55754,-7.57957,14.8938
-4.87071,-8.11717,14.9646
-5.20681,-8.68689,15.0869
-5.56669,-9.28787,15.2668
-5.951,-9.91834,15.5114
-6.3601,-10.5753,15.8281
-6.79396,-11.2543,16.2248
-7.25207,-11.9491,16.7097
-7.73326,-12.6515,17.291
-8.23557,-13.3508,17.9763
-8.75612,-14.0335,18.7724
-9.29085,-14.6837,19.6844
-9.83446,-15.2823,20.7147
-10.3802,-15.808,21.8626
-10.9198,-16.2371,23.1226
-11.4434,-16.5452,24.484
-11.9399,-16.7078,25.9297
-12.3969,-16.7025,27.4359
-12.8011,-16.5111,28.9724
-13.1391,-16.1216,30.5031
-13.3979,-15.53,31.9876
-13.566,-14.7423,33.3842
-13.6338,-13.775,34.652
-13.595,-12.6542,35.7548
-13.4466,-11.4149,36.6641
-13.1896,-10.0974,37.3608
-12.8291,-8.74484,37.8368
-12.3736,-7.3992,38.0953
-11.8349,-6.09847,38.1488
-11.2268,-4.87419,38.0176
-10.5646,-3.7501,37.7271
-9.86401,-2.74175,37.3051
-9.14013,-1.85695,36.7795
-8.40717,-1.09683,36.1765
-7.67777,-0.457208,35.5194
-6.96272,0.0699273,34.828
-6.27089,0.495071,34.1181
-5.60918,0.830026,33.4023
-4.98272,1.08699,32.6897
-4.39496,1.27789,31.9869
-3.84792,1.4139,31.2982
-3.34241,1.50524,30.6264
-2.87824,1.56097,29.9727
-2.45446,1.589,29.3377
-2.06948,1.5961,28.7212
-1.72131,1.58802,28.1227
-1.40761,1.56953,27.5416
-1.12589,1.54457,26.9769
-0.873542,1.51634,26.4277
-0.647948,1.48742,25.8932
-0.446514,1.45986,25.3727
-0.266724,1.43527,24.8653
-0.106171,1.41488,24.3704
0.0374291,1.39965,23.8875
0.166218,1.39031,23.416
0.282192,1.3874,22.9555
0.387205,1.39131,22.5056
0.482963,1.40237,22.066
0.571038,1.42081,21.6365
0.652873,1.44683,21.2168
0.72979,1.48063,20.8067
0.803004,1.52239,20.4062
0.873633,1.5723,20.015
0.942709,1.63062,19.6331
1.01119,1.69759,19.2604
1.07997,1.77356,18.897
1.14989,1.85889,18.5429
1.22175,1.95402,18.1981
1.29633,2.05946,17.8627
1.37436,2.1758,17.537
1.4566,2.30369,17.2211
1.54377,2.44388,16.9153
1.63662,2.59721,16.62
1.73589,2.76459,16.3356
1.84236,2.94704,16.0627
1.95683,3.14567,15.8018
2.08013,3.36169,15.5538
2.21314,3.59641,15.3197
2.35678,3.85121,15.1004
2.51203,4.12759,14.8974
2.6799,4.42712,14.7121
2.86148,4.75143,14.5465
3.0579,5.1022,14.4025
3.27035,5.48114,14.2828
3.50006,5.88992,14.1902
3.74832,6.33016,14.128
4.01643,6.80332,14.1002
4.30569,7.31066,14.1112
4.61741,7.85308,14.1661
4.95281,8.431,14.2707
5.31302,9.04419,14.4315
5.69901,9.69153,14.6557
6.11148,10.3708,14.9512
6.5508,11.0783,15.3267
7.01688,11.8086,15.7911
7.50902,12.5541,16.3538
8.02576,13.3049,17.024
8.56467,14.0478,17.8102
9.12218,14.7669,18.7196
9.69337,15.4428,19.757
10.2718,16.0528,20.9244
10.8493,16.5718,22.2188
11.416,16.9721,23.6319
11.9603,17.2259,25.1486
12.469,17.3062,26.746
12.9277,17.1895,28.3935
13.3214,16.8583,30.0533
13.6353,16.3037,31.6815
13.8555,15.5277,33.231
13.9704,14.544,34.6546
13.9711,13.3787,35.9089
13.8529,12.0682,36.9581
13.6153,10.6572,37.7769
13.2624,9.19432,38.3529
12.8027,7.72819,38.6863
12.2483,6.30358,38.7895
11.6143,4.95822,38.6844
10.9175,3.72089,38.3993
10.1752,2.61072,37.9658
9.40456,1.63765,37.4163
8.6216,0.803583,36.7809
7.84064,0.104067,36.0866
7.07391,-0.469962,35.3561
6.33146,-0.930509,34.6076
5.62112,-1.29111,33.8552
4.94865,-1.56574,33.1092
4.31792,-1.76799,32.3765
3.73119,-1.91058,31.6618
3.18935,-2.00504,30.9677
2.69215,-2.06155,30.2954
2.23849,-2.08895,29.645
1.82659,-2.09478,29.0161
1.45418,-2.08537,28.4078
1.11867,-2.06597,27.8191
0.81726,-2.04091,27.2488
0.547061,-2.01368,26.6957
0.305155,-1.98707,26.1589
0.0886683,-1.96331,25.6372
-0.105183,-1.94415,25.1299
-0.279064,-1.93094,24.6361
-0.435497,-1.92473,24.1553
-0.576849,-1.92631,23.6867
-0.705329,-1.9363,23.23
-0.822986,-1.95518,22.7848
-0.931713,-1.98332,22.3508
-1.03325,-2.02103,21.9278
-1.12922,-2.06861,21.5155
-1.22109,-2.12632,21.1139
-1.31023,-2.19446,20.7229
-1.3979,-2.27332,20.3426
-1.48528,-2.36327,19.9728
-1.57347,-2.46469,19.6139
-1.6635,-2.57806,19.2659
-1.75636,-2.70389,18.9291
-1.85299,-2.84279,18.6038
-1.9543,-2.99544,18.2904
-2.0612,-3.16258,17.9893
-2.17457,-3.34505,17.7013
-2.29529,-3.54376,17.4269
-2.42426,-3.75972,17.167
-2.56238,-3.99399,16.9227
-2.71058,-4.24772,16.695
-2.8698,-4.52209,16.4853
-3.04103,-4.81835,16.2954
-3.22526,-5.13778,16.1269
-3.42353,-5.48164,15.982
-3.63688,-5.85118,15.8633
-3.86639,-6.24754,15.7735
-4.11311,-6.67177,15.716
-4.37811,-7.12468,15.6943
-4.66241,-7.60679,15.7127
-4.96696,-8.11824,15.7758
-5.29263,-8.65861,15.889
-5.64012,-9.22679,16.0577
-6.00992,-9.8208,16.2885
-6.40224,-10.4375,16.5878
-6.8169,-11.0726,16.9626
-7.25328,-11.7199,17.4201
-7.71012,-12.3717,17.9673
-8.18546,-13.0181,18.6105
-8.67648,-13.6468,19.3553
-9.17934,-14.2432,20.2056
-9.68906,-14.7905,21.163
-10.1994,-15.2697,22.226
-10.7029,-15.6602,23.3892
-11.1907,-15.9407,24.6427
-11.6528,-16.0901,25.9711
-12.0781,-16.0893,27.3532
-12.455,-15.9225,28.7627
-12.7717,-15.5793,30.168
-13.0168,-15.0563,31.5345
-13.18,-14.3579,32.8256
-13.2529,-13.4975,34.006
-13.2296,-12.497,35.0435
-13.1072,-11.3852,35.9121
-12.886,-10.1965,36.5937
-12.5701,-8.96761,37.0791
-12.1663,-7.73531,37.3685
-11.6845,-6.53343,37.4705
-11.1365,-5.39097,37.4005
-10.5357,-4.33069,37.1791
-9.89568,-3.36851,36.8296
-9.23023,-2.51373,36.376
-8.55225,-1.76962,35.8415
-7.87348,-1.13456,35.2474
-7.20419,-0.603119,34.6122
-6.55296,-0.16727,33.9513
-5.92674,0.182607,33.2772
-5.33081,0.456861,32.5994
-4.76895,0.665916,31.9251
-4.24361,0.819801,31.2593
-3.75608,0.927843,30.6054
-3.30668,0.998487,29.9655
-2.89494,1.03922,29.3408
-2.51977,1.05654,28.7317
-2.17963,1.05602,28.1383
-1.87262,1.04238,27.5601
-1.59663,1.01953,26.9968
-1.3494,0.99068,26.4477
-1.12864,0.958455,25.9121
-0.932021,0.924941,25.3895
-0.757289,0.891786,24.8793
-0.602254,0.860269,24.3808
-0.464835,0.831365,23.8937
-0.343066,0.805798,23.4173
-0.235113,0.784097,22.9514
-0.139273,0.766634,22.4956
-0.0539786,0.753659,22.0495
0.0222095,0.745337,21.6128
0.0906049,0.741768,21.1853
0.152403,0.74301,20.7667
0.208691,0.749099,20.3569
0.260452,0.760059,19.9556
0.308583,0.77592,19.5626
0.353893,0.796722,19.1779
0.397125,0.822529,18.8012
0.438954,0.85343,18.4324
0.480002,0.889547,18.0714
0.520847,0.931042,17.7181
0.562027,0.978118,17.3724
0.604054,1.03103,17.0342
0.647412,1.09006,16.7035
0.692576,1.15558,16.3802
0.740007,1.22799,16.0643
0.790168,1.30776,15.7558
0.843523,1.39543,15.4547
0.900547,1.49159,15.1612
0.961731,1.59693,14.8752
1.02759,1.71221,14.5969
1.09866,1.83826,14.3265
1.17551,1.97601,14.0643
1.25876,2.12649,13.8105
1.34906,2.29083,13.5655
1.44712,2.47027,13.3298
1.5537,2.66616,13.1039
1.66962,2.87997,12.8886
1.79578,3.11332,12.6847
1.93314,3.36793,12.4932
2.08275,3.64566,12.3154
2.24574,3.94853,12.1527
2.42332,4.27864,12.0069
2.61682,4.63825,11.8801
2.82763,5.02969,11.7748
3.05725,5.45537,11.694
3.30727,5.91773,11.6412
3.57935,6.41916,11.6205
3.87524,6.96195,11.6367
4.1967,7.54813,11.6955
4.54553,8.17937,11.8034
4.92346,8.85674,11.9681
5.33216,9.58049,12.1982
5.77309,10.3497,12.5035
6.24742,11.1619,12.8949
6.7559,12.0127,13.3844
7.29866,12.8949,13.9848
7.875,13.7986,14.7096
8.48318,14.7097,15.5721
9.12005,15.6098,16.5848
9.78083,16.4759,17.7583
10.4587,17.2794,19.0995
11.1446,17.9871,20.6103
11.8268,18.5613,22.2853
12.4911,18.962,24.1096
13.1206,19.1486,26.0575
13.6965,19.0838,28.0908
14.1981,18.7381,30.1595
14.6047,18.0933,32.2031
14.8964,17.1474,34.1543
15.0558,15.9173,35.9445
15.0699,14.4387,37.5099
14.931,12.7649,38.7981
14.6383,10.9616,39.774
14.1973,9.10082,40.4224
13.6204,7.25338,40.7487
12.9251,5.48254,40.7765
12.1328,3.83912,40.5432
11.2669,2.35893,40.0943
10.3513,1.0625,39.478
9.40891,-0.0433457,38.741
8.46044,-0.962909,37.925
7.52372,-1.70851,37.0648
6.61341,-2.29755,36.1881
5.74094,-2.75,35.3154
4.91468,-3.08648,34.4611
4.14024,-3.32689,33.6344
3.42086,-3.4896,32.8408
2.75783,-3.59099,32.0824
2.15086,-3.64528,31.3596
1.59843,-3.66461,30.6713
1.09814,-3.65911,30.0156
0.646926,-3.63718,29.3903
0.241304,-3.60564,28.7929
-0.122448,-3.57,28.2211
-0.448167,-3.53465,27.6728
-0.739689,-3.50307,27.1459
-1.00077,-3.47795,26.6388
-1.23505,-3.46138,26.15
-1.44596,-3.45497,25.6783
-1.63677,-3.45991,25.2228
-1.81051,-3.47711,24.7827
-1.97001,-3.50725,24.3574
-2.11788,-3.55084,23.9466
-2.25653,-3.60825,23.55
-2.38816,-3.67979,23.1675
-2.5148,-3.76573,22.7991
-2.63829,-3.86631,22.445
-2.76035,-3.98176,22.1054
-2.88253,-4.11232,21.7807
-3.00626,-4.25827,21.4714
-3.13289,-4.4199,21.178
-3.26363,-4.59753,20.9013
-3.39964,-4.79149,20.6422
-3.54197,-5.00216,20.4016
-3.69165,-5.2299,20.1806
-3.8496,-5.47506,19.9807
-4.01672,-5.73798,19.8032
-4.19383,-6.01894,19.6497
-4.38172,-6.31813,19.5223
-4.58109,-6.63563,19.4228
-4.7926,-6.97135,19.3537
-5.01681,-7.32502,19.3173
-5.25421,-7.69606,19.3164
-5.50515,-8.08357,19.3538
-5.76986,-8.48626,19.4327
-6.04839,-8.90233,19.5563
-6.3406,-9.32939,19.7279
-6.64609,-9.76441,19.9509
-6.9642,-10.2036,20.2284
-7.2939,-10.6423,20.5635
-7.63379,-11.0749,20.9589
-7.98204,-11.495,21.4166
-8.33629,-11.8951,21.9379
-8.6937,-12.2668,22.5228
-9.05082,-12.601,23.1703
-9.40364,-12.8879,23.8773
-9.74759,-13.1174,24.6392
-10.0775,-13.2796,25.449
-10.3879,-13.3649,26.2976
-10.6729,-13.3649,27.1735
-10.9264,-13.2731,28.0632
-11.1423,-13.085,28.9512
-11.3151,-12.7991,29.8208
-11.4393,-12.4169,30.6545
-11.5108,-11.9435,31.4353
-11.5262,-11.3874,32.1468
-11.4834,-10.7603,32.7748
-11.3819,-10.0762,33.3077
-11.2226,-9.35108,33.7372
-11.008,-8.60192,34.0583
-10.7417,-7.84559,34.2701
-10.429,-7.09812,34.3746
-10.0758,-6.37392,34.3773
-9.68879,-5.68519,34.2857
-9.27515,-5.04165,34.1092
-8.84212,-4.45033,33.8581
-8.39677,-3.91575,33.5433
-7.94585,-3.44006,33.1752
-7.49551,-3.02339,32.764
-7.0513,-2.66424,32.3188
-6.61797,-2.35986,31.8477
-6.19954,-2.1066,31.3578
-5.79924,-1.90026,30.855
-5.41961,-1.73638,30.3443
-5.06248,-1.61043,29.8297
-4.7291,-1.51799,29.3144
-4.42018,-1.4549,28.8008
-4.13598,-1.41732,28.291
-3.8764,-1.40179,27.7864
-3.64102,-1.40522,27.2882
-3.42922,-1.42496,26.7972
-3.24016,-1.45872,26.314
-3.07293,-1.50461,25.8391
-2.9265,-1.56106,25.3728
-2.79985,-1.62683,24.9155
-2.69192,-1.70097,24.4673
-2.60168,-1.78278,24.0283
-2.52816,-1.87179,23.5989
-2.47043,-1.96773,23.179
-2.42765,-2.07052,22.7689
-2.39904,-2.18022,22.3687
-2.38391,-2.29705,21.9787
-2.38169,-2.42133,21.5991
-2.39187,-2.55352,21.2301
-2.41404,-2.69414,20.8721
-2.44791,-2.84382,20.5253
-2.49325,-3.00327,20.1903
-2.54993,-3.17326,19.8675
-2.61793,-3.35464,19.5575
-2.69729,-3.54831,19.2609
-2.78815,-3.75523,18.9786
-2.89072,-3.9764,18.7113
-3.0053,-4.21286,18.4601
-3.13225,-4.46569,18.2263
-3.272,-4.73597,18.011
-3.42505,-5.0248,17.816
-3.59195,-5.33324,17.6428
-3.77331,-5.66232,17.4937
-3.96976,-6.013,17.3707
-4.18196,-6.38609,17.2766
-4.41058,-6.78225,17.2142
-4.65628,-7.20192,17.1868
-4.91969,-7.6452,17.198
-5.20136,-8.11181,17.2517
-5.50175,-8.60094,17.3524
-5.82116,-9.11117,17.5048
-6.15971,-9.64027,17.7138
-6.51722,-10.1851,17.9847
-6.89321,-10.7414,18.3229
-7.28677,-11.3036,18.7337
-7.69648,-11.8648,19.2219
-8.12031,-12.4163,19.7921
-8.55555,-12.9481,20.4476
-8.99868,-13.4481,21.1906
-9.44529,-13.9029,22.021
-9.89004,-14.2976,22.9366
-10.3266,-14.6165,23.932
-10.7479,-14.8434,24.9982
-11.1457,-14.9629,26.1226
-11.5113,-14.9609,27.2883
-11.8356,-14.826,28.4748
-12.1095,-14.5509,29.6581
-12.3241,-14.1328,30.8119
-12.4715,-13.575,31.9086
-12.5452,-12.8866,32.9214
-12.5403,-12.0831,33.8254
-12.4543,-11.1848,34.5997
-12.287,-10.2165,35.2287
-12.0408,-9.20498,35.703
-11.7204,-8.17799,36.0197
-11.3328,-7.16184,36.1819
-10.8866,-6.18015,36.1985
-10.3918,-5.25259,36.0825
-9.85894,-4.39429,35.8498
-9.2989,-3.61558,35.5176
-8.72223,-2.92227,35.1038
-8.13879,-2.31614,34.6253
-7.55752,-1.79564,34.0975
-6.9862,-1.35668,33.5341
-6.43139,-0.993369,32.9468
-5.89837,-0.698707,32.3449
-5.39124,-0.465132,31.736
-4.91296,-0.28498,31.126
-4.46548,-0.150811,30.5192
-4.04988,-0.0556387,29.9189
-3.66652,0.00693042,29.3271
-3.31511,0.0426202,28.7453
-2.99491,0.0564608,28.1745
-2.7048,0.0527996,27.615
-2.44337,0.0353357,27.067
-2.20905,0.00716926,26.5305
-2.00014,-0.0291416,26.0054
-1.81487,-0.0715209,25.4914
-1.6515,-0.118316,24.9883
-1.50827,-0.168239,24.4958
-1.38353,-0.220319,24.0135
-1.27567,-0.273849,23.5413
-1.1832,-0.328348,23.0788
-1.10474,-0.383524,22.6259
-1.039,-0.439239,22.1822
-0.984827,-0.495484,21.7477
-0.94117,-0.552355,21.3221
-0.907099,-0.610039,20.9052
-0.881791,-0.668791,20.4969
-0.86453,-0.728928,20.0971
-0.854699,-0.790817,19.7056
-0.85178,-0.85487,19.3224
-0.855342,-0.921537,18.9473
-0.865041,-0.991305,18.5803
-0.880615,-1.06469,18.2213
-0.901876,-1.14226,17.8702
-0.928709,-1.2246,17.5271
-0.96107,-1.31234,17.1919
-0.998978,-1.40616,16.8646
-1.04252,-1.50677,16.5454
-1.09184,-1.61493,16.2343
-1.14715,-1.73148,15.9313
-1.20872,-1.85729,15.6368
-1.27688,-1.99331,15.3508
-1.35202,-2.14056,15.0737
-1.43459,-2.30015,14.8058
-1.52514,-2.47325,14.5475
-1.62423,-2.66115,14.2994
-1.73253,-2.86523,14.0621
-1.85078,-3.08696,13.8363
-1.97978,-3.32792,13.6231
-2.12042,-3.58982,13.4234
-2.27367,-3.87446,13.2386
-2.44059,-4.18376,13.0703
-2.62232,-4.51971,12.9203
-2.82008,-4.8844,12.7908
-3.0352,-5.27999,12.6846
-3.26906,-5.70865,12.6045
-3.52313,-6.17251,12.5542
-3.79894,-6.67362,12.5379
-4.09807,-7.21385,12.5605
-4.4221,-7.79474,12.6276
-4.77259,-8.41737,12.7458
-5.15104,-9.08216,12.9224
-5.55878,-9.7886,13.1659
-5.99695,-10.5349,13.4856
-6.46631,-11.3179,13.8917
-6.96717,-12.132,14.3955
-7.49915,-12.9694,15.0084
-8.06105,-13.8191,15.7424
-8.65056,-14.6667,16.6088
-9.26403,-15.4936,17.6177
-9.89618,-16.2769,18.7767
-10.5398,-16.9895,20.0898
-11.1858,-17.6001,21.5557
-11.8224,-18.0744,23.1657
-12.4358,-18.3768,24.9027
-13.0103,-18.4726,26.7394
-13.5282,-18.3313,28.6384
-13.971,-17.9302,30.5519
-14.3203,-17.2578,32.4245
-14.5591,-16.3173,34.1962
-14.6728,-15.128,35.8073
-14.6512,-13.7254,37.204
-14.489,-12.1588,38.3433
-14.1866,-10.4873,39.1976
-13.7505,-8.77372,39.7565
-13.1925,-7.07942,40.0268
-12.5289,-5.45845,40.0304
-11.7791,-3.95403,39.8005
-10.9642,-2.59663,39.3766
-10.1057,-1.40378,38.8008
-9.2237,-0.381427,38.1135
-8.33685,0.473901,37.3508
-7.46109,1.1726,36.5437
-6.6096,1.72956,35.7166
-5.79274,2.162,34.8881
-5.01817,2.48791,34.0718
-4.29111,2.72482,33.2764
-3.61463,2.88906,32.5074
-2.99008,2.99536,31.7676
-2.41733,3.05662,31.0578
-1.89514,3.08393,30.3776
-1.42141,3.08668,29.7258
-0.993462,3.07267,29.1008
-0.608169,3.04832,28.5007
-0.262174,3.01885,27.9237
0.0480038,2.98846,27.3679
0.325868,2.96049,26.8318
0.574868,2.93757,26.3139
0.79834,2.92174,25.813
0.999475,2.91459,25.3281
1.18129,2.91734,24.8582
1.34661,2.9309,24.4027
1.49807,2.95598,23.9611
1.63812,2.99313,23.5329
1.76901,3.04279,23.1179
1.89282,3.1053,22.7159
2.01145,3.18098,22.3268
2.12667,3.27015,21.9508
2.2401,3.37311,21.588
2.35323,3.49019,21.2385
2.46745,3.62175,20.9028
2.58406,3.76821,20.5812
2.70425,3.93001,20.2744
2.82918,4.10765,19.9829
2.95992,4.30169,19.7076
3.09751,4.51271,19.4494
3.24294,4.74134,19.2094
3.39717,4.98822,18.9887
3.56113,5.25401,18.7889
3.73573,5.53935,18.6116
3.92184,5.84483,18.4586
4.12031,6.17099,18.332
4.33196,6.51823,18.2342
4.55755,6.88681,18.1678
4.79779,7.27676,18.1357
5.05332,7.68782,18.1411
5.32466,8.11936,18.1876
5.61222,8.57028,18.2789
5.91623,9.0389,18.419
6.23671,9.52287,18.6123
6.57341,10.019,18.8631
6.92576,10.5232,19.1758
7.29281,11.0302,19.5545
7.67314,11.5336,20.0032
8.06479,12.0257,20.5252
8.46521,12.4976,21.1227
8.87114,12.9388,21.7968
9.27861,13.3379,22.547
9.68288,13.6824,23.3705
10.0784,13.9592,24.2621
10.4589,14.1551,25.2138
10.8176,14.2574,26.2143
11.1469,14.2548,27.2495
11.4392,14.1384,28.3018
11.6868,13.9021,29.3515
11.8824,13.5439,30.3767
12.0194,13.0663,31.3547
12.0921,12.4764,32.2633
12.0966,11.7862,33.0817
12.0305,11.0119,33.7921
11.8934,10.1731,34.3806
11.6869,9.29143,34.8381
11.4148,8.38949,35.1606
11.0823,7.48924,35.3491
10.6965,6.61085,35.4089
10.2654,5.77173,35.3493
9.79791,4.9859,35.1822
9.30309,4.26366,34.9212
8.79002,3.61167,34.5807
8.26735,3.03318,34.1747
7.74306,2.52855,33.7167
7.22428,2.09576,33.2188
6.71718,1.73103,32.6918
6.22687,1.42931,32.1445
5.75748,1.18482,31.5846
5.31217,0.991459,31.018
4.89319,0.84306,30.4495
4.50201,0.733688,29.8827
4.13942,0.657776,29.3204
3.8056,0.610234,28.7644
3.50028,0.586501,28.2163
3.2228,0.58257,27.6768
2.97221,0.594974,27.1467
2.74734,0.620767,26.6263
2.54689,0.657489,26.1157
2.36947,0.703116,25.6151
2.21364,0.756026,25.1244
2.07797,0.814944,24.6436
1.96106,0.878908,24.1725
1.86157,0.947222,23.7111
1.77823,1.01942,23.2593
1.70985,1.09525,22.8169
1.65534,1.17461,22.384
1.61374,1.25757,21.9604
1.58414,1.3443,21.5462
1.5658,1.4351,21.1412
1.55803,1.53035,20.7455
1.56029,1.63053,20.359
1.57211,1.73618,19.982
1.59313,1.84793,19.6144
1.62309,1.96645,19.2563
1.66182,2.09249,18.908
1.70924,2.22685,18.5696
1.76536,2.37041,18.2413
1.83027,2.52409,17.9236
1.90414,2.68889,17.6169
1.98724,2.86586,17.3214
2.07988,3.05612,17.038
2.1825,3.26087,16.7672
2.29557,3.48136,16.5098
2.41967,3.71893,16.2667
2.55543,3.97496,16.0392
2.70358,4.2509,15.8285
2.86491,4.54824,15.6362
3.04026,4.86853,15.464
3.23057,5.21329,15.314
3.43681,5.58407,15.1886
3.66002,5.98235,15.0907
3.90128,6.4095,15.0234
4.16167,6.86674,14.9904
4.44229,7.35502,14.996
4.7442,7.87495,15.0448
5.06842,8.42664,15.1422
5.41582,9.00956,15.2942
5.78713,9.62233,15.5074
6.18281,10.2625,15.7888
6.603,10.9264,16.1461
7.04739,11.6085,16.5873
7.5151,12.3016,17.1203
8.00455,12.9962,17.7529
8.51327,13.6803,18.4922
9.03777,14.3393,19.3439
9.57336,14.9557,20.3116
10.114,15.5094,21.396
10.6522,15.9783,22.5937
11.179,16.3385,23.8967
11.6839,16.5658,25.2908
12.1552,16.6373,26.7556
12.5803,16.533,28.2643
12.9458,16.2381,29.7837
13.2389,15.7451,31.2761
13.4475,15.0553,32.7007
13.5611,14.18,34.0167
13.572,13.1408,35.1862
13.4757,11.968,36.1773
13.2714,10.699,36.9668
12.9621,9.37533,37.5415
12.5549,8.03887,37.8995
12.0597,6.72909,38.0485
11.4893,5.48018,38.0052
10.8582,4.31924,37.7922
10.1817,3.26544,37.4358
9.475,2.33012,36.9636
8.75261,1.51755,36.4022
8.02775,0.826081,35.7759
7.31196,0.249641,35.106
6.61494,-0.220946,34.4099
5.94444,-0.596686,33.7017
5.30638,-0.889411,32.9918
4.70498,-1.111,32.2882
4.14293,-1.27282,31.5962
3.62162,-1.3854,30.9192
3.14136,-1.45823,30.2593
2.70158,-1.49967,29.6173
2.30103,-1.51694,28.9936
1.93794,-1.51621,28.3878
1.61017,-1.50266,27.7993
1.31537,-1.48059,27.2274
1.051,-1.45351,26.6712
0.814497,-1.42427,26.1299
0.603288,-1.39516,25.6028
0.414855,-1.36798,25.089
0.246774,-1.34412,24.5879
0.0967322,-1.32467,24.0988
-0.0374497,-1.31044,23.6213
-0.157811,-1.30206,23.155
-0.266246,-1.29998,22.6993
-0.364506,-1.30454,22.2539
-0.454205,-1.31601,21.8186
-0.536822,-1.33459,21.3931
-0.613716,-1.36045,20.9772
-0.68613,-1.39375,20.5708
-0.755206,-1.43468,20.1736
-0.821994,-1.48343,19.7855
-0.887465,-1.54021,19.4065
-0.952519,-1.60529,19.0366
-1.018,-1.679,18.6757
-1.0847,-1.76169,18.3238
-1.15338,-1.85382,17.981
-1.22477,-1.95587,17.6474
-1.29959,-2.06843,17.323
-1.37853,-2.19215,17.0082
-1.46231,-2.32778,16.7032
-1.55162,-2.47613,16.4083
-1.64721,-2.63813,16.1238
-1.74981,-2.81478,15.8503
-1.8602,-3.00719,15.5884
-1.9792,-3.21656,15.3388
-2.10768,-3.44421,15.1023
-2.24652,-3.69154,14.88
-2.39668,-3.96004,14.6732
-2.55919,-4.25132,14.4832
-2.73512,-4.56704,14.3117
-2.92559,-4.90893,14.1608
-3.13179,-5.27878,14.0329
-3.35499,-5.67835,13.9306
-3.59647,-6.10939,13.8572
-3.85757,-6.57354,13.8163
-4.13966,-7.07226,13.8123
-4.44409,-7.60672,13.8501
-4.77218,-8.17769,13.9353
-5.12517,-8.78535,14.0743
-5.50418,-9.42909,14.274
-5.91011,-10.1073,14.5426
-6.34355,-10.8169,14.8885
-6.8047,-11.5535,15.3209
-7.2932,-12.3102,15.8496
-7.80797,-13.078,16.4843
-8.34704,-13.8449,17.2343
-8.90735,-14.5959,18.108
-9.48452,-15.3125,19.1119
-10.0727,-15.9725,20.2496
-10.6642,-16.5508,21.5207
-11.2497,-17.0196,22.9195
-11.8179,-17.3495,24.4334
-12.3558,-17.5117,26.0425
-12.849,-17.4796,27.7182
-13.2819,-17.2317,29.4243
-13.6391,-16.7546,31.1172
-13.9054,-16.0453,32.7486
-14.0677,-15.1131,34.2687
-14.1154,-13.9803,35.63
-14.0417,-12.6812,36.7914
-13.8444,-11.2597,37.722
-13.5259,-9.76585,38.4038
-13.0935,-8.2512,38.8324
-12.5584,-6.76457,39.0166
-11.9354,-5.34834,38.9765
-11.2415,-4.03592,38.74
-10.4946,-2.85063,38.3397
-9.71271,-1.80575,37.8095
-8.913,-0.905611,37.1822
-8.11093,-0.147263,36.487
-7.31989,0.477663,35.7492
-6.551,0.981111,34.9892
-5.81305,1.37701,34.2226
-5.11259,1.68001,33.4612
-4.45418,1.90453,32.7131
-3.84055,2.06419,31.9835
-3.27299,2.17137,31.2755
-2.7515,2.23707,30.5905
-2.27514,2.27085,29.9288
-1.84221,2.28087,29.29
-1.45047,2.27403,28.6732
-1.09729,2.25603,28.0771
-0.779811,2.23157,27.5006
-0.49504,2.20446,26.9423
-0.239952,2.17775,26.401
-0.0115504,2.15388,25.8758
0.193077,2.13476,25.3655
0.376723,2.12187,24.8694
0.54204,2.11635,24.3867
0.691521,2.11911,23.9169
0.827494,2.1308,23.4594
0.952122,2.15196,23.0138
1.0674,2.183,22.5798
1.17519,2.22427,22.1572
1.27717,2.27609,21.7459
1.37492,2.33873,21.3456
1.46989,2.41251,20.9564
1.56341,2.49775,20.5783
1.65673,2.59482,20.2114
1.751,2.70412,19.8559
1.84732,2.82613,19.5119
1.94674,2.96139,19.1799
2.05023,3.1105,18.8601
2.15877,3.27414,18.5531
2.27329,3.45308,18.2595
2.39472,3.64813,17.9799
2.52397,3.86021,17.7151
2.66196,4.09029,17.4663
2.80962,4.3394,17.2344
2.96791,4.60863,17.0209
3.13776,4.89911,16.8274
3.32017,5.21197,16.6556
3.51612,5.54834,16.5076
3.72661,5.90933,16.3858
3.95265,6.29592,16.293
4.19525,6.70898,16.2323
4.45539,7.14917,16.2072
4.73399,7.61683,16.2217
5.03193,8.11194,16.2802
5.34996,8.63392,16.3876
5.68869,9.18153,16.5493
6.04849,9.7527,16.7712
6.42947,10.3443,17.0593
6.83138,10.952,17.4201
7.2535,11.5699,17.86
7.69454,12.1905,18.3853
8.15255,12.8043,19.0018
8.62474,13.3999,19.7142
9.10742,13.9637,20.5257
9.59582,14.4799,21.4375
10.0841,14.9312,22.4478
10.5651,15.2986,23.5514
11.0306,15.5627,24.7385
11.4714,15.7045,25.995
11.8772,15.7064,27.3013
12.2372,15.5544,28.6331
12.5407,15.239,29.9619
12.7771,14.7568,31.256
12.937,14.1117,32.482
13.0126,13.3153,33.6077
12.9982,12.3868,34.6034
12.891,11.352,35.4448
12.6911,10.2415,36.1142
12.4018,9.08864,36.6022
12.0292,7.92679,36.9075
11.5819,6.78731,37.0364
11.0707,5.69751,37.0019
10.5076,4.67933,36.8215
9.90519,3.74869,36.5158
9.27627,2.91554,36.1066
8.63295,2.18432,35.6151
7.98637,1.55478,35.0614
7.34639,1.023,34.4629
6.72142,0.582429,33.8346
6.11831,0.224781,33.1889
5.54244,-0.0591241,32.5354
4.99775,-0.278742,31.8815
4.48693,-0.443325,31.2327
4.01152,-0.561603,30.5927
3.57216,-0.641575,29.9641
3.16866,-0.690406,29.3484
2.80026,-0.714389,28.7464
2.46568,-0.71896,28.1585
2.1633,-0.708744,27.5846
1.89126,-0.687621,27.0245
1.64754,-0.658802,26.4776
1.43002,-0.624906,25.9436
1.23658,-0.588039,25.422
1.06513,-0.549866,24.9122
0.913626,-0.511682,24.4137
0.780116,-0.474469,23.9262
0.662756,-0.438953,23.4493
0.559822,-0.405649,22.9824
0.469709,-0.374904,22.5254
0.390944,-0.346933,22.0779
0.322177,-0.321845,21.6396
0.26218,-0.299673,21.2102
0.209844,-0.280389,20.7896
0.164169,-0.263925,20.3775
0.124258,-0.250188,19.9736
0.0893089,-0.239067,19.5779
0.0586088,-0.230444,19.1901
0.0315221,-0.224202,18.81
0.00748526,-0.220229,18.4375
-0.0140017,-0.218421,18.0725
-0.0333819,-0.21869,17.7147
-0.0510484,-0.220959,17.364
-0.0673509,-0.225169,17.0204
-0.0826008,-0.231281,16.6835
-0.0970772,-0.239272,16.3534
-0.111031,-0.249139,16.0299
-0.124692,-0.2609,15.7128
-0.138267,-0.274592,15.402
-0.151951,-0.290273,15.0974
-0.165927,-0.308024,14.799
-0.180368,-0.327948,14.5065
-0.195441,-0.350168,14.2199
-0.211311,-0.374836,13.9391
-0.228144,-0.402124,13.6639
-0.246107,-0.432236,13.3944
-0.26537,-0.465401,13.1303
-0.286113,-0.50188,12.8716
-0.308524,-0.541966,12.6183
-0.332803,-0.58599,12.3702
-0.359164,-0.634318,12.1274
-0.387837,-0.687362,11.8897
-0.419072,-0.745578,11.6572
-0.453142,-0.809474,11.4297
-0.490343,-0.879613,11.2073
-0.531001,-0.95662,10.99
-0.575472,-1.04119,10.7779
-0.62415,-1.13408,10.5709
-0.677465,-1.23614,10.3692
-0.735893,-1.34831,10.1729
-0.799958,-1.47163,9.9822
-0.870238,-1.60723,9.79725
-0.947369,-1.75639,9.61834
-1.03206,-1.92049,9.44586
-1.12507,-2.10106,9.28023
-1.22727,-2.2998,9.12202
-1.33959,-2.51856,8.97192
-1.46308,-2.75936,8.83077
-1.59887,-3.02443,8.69961
-1.74822,-3.31618,8.57971
-1.91249,-3.63726,8.47262
-2.0932,-3.9905,8.38024
-2.29198,-4.37896,8.30484
-2.51062,-4.80588,8.24922
-2.75106,-5.27469,8.21673
-3.01538,-5.78898,8.21143
-3.30582,-6.35238,8.23818
-3.62473,-6.96851,8.30284
-3.9746,-7.64087,8.41237
-4.358,-8.37257,8.57507
-4.77753,-9.16615,8.8007
-5.23573,-10.0232,9.10072
-5.735,-10.9439,9.48841
-6.27745,-11.9264,9.97894
-6.86471,-12.9662,10.5894
-7.49763,-14.0552,11.3387
-8.17603,-15.1806,12.2469
-8.89828,-16.3238,13.3348
-9.66079,-17.4593,14.6223
-10.4575,-18.5536,16.1269
-11.2795,-19.5646,17.8609
-12.114,-20.4417,19.8284
-12.9444,-21.127,22.0217
-13.7499,-21.5581,24.4171
-14.5055,-21.6727,26.9719
-15.183,-21.4156,29.6228
-15.7521,-20.7463,32.2864
-16.1824,-19.6475,34.8636
-16.4462,-18.132,37.248
-16.5212,-16.2455,39.3373
-16.3933,-14.0652,41.0453
-16.0581,-11.6917,42.3134
-15.5226,-9.23798,43.1175
-14.8036,-6.8152,43.4689
-13.9268,-4.52062,43.41
-12.9236,-2.42879,43.0051
-11.8284,-0.587722,42.3298
-10.6755,0.980333,41.4614
-9.49686,2.27489,40.4706
-8.32047,3.31157,39.417
-7.16958,4.11625,38.3475
-6.06239,4.71999,37.2962
-5.01225,5.15516,36.2856
-4.02815,5.45281,35.3294
-3.11543,5.64111,34.434
-2.27636,5.74468,33.601
-1.51085,5.78439,32.8286
-0.817051,5.77755,32.1131
-0.191772,5.73826,31.4496
0.369042,5.67785,30.833
0.870017,5.60532,30.2581
1.31609,5.52774,29.7201
1.7123,5.45057,29.2147
2.06367,5.37803,28.7382
2.37508,5.31331,28.2872
2.65122,5.25878,27.8591
2.89649,5.21616,27.4517
3.11505,5.1867,27.0632
3.31072,5.17121,26.6923
3.48704,5.17022,26.338
3.64726,5.18403,25.9994
3.79431,5.21275,25.6762
3.93086,5.25636,25.368
4.05933,5.31476,25.0748
4.18187,5.38775,24.7966
4.30044,5.47511,24.5336
4.41675,5.57656,24.2862
4.53234,5.69179,24.0548
4.64858,5.82048,23.84
4.76667,5.96227,23.6425
4.88766,6.11678,23.4628
5.01246,6.28357,23.302
5.14184,6.46218,23.1608
5.27649,6.65206,23.0402
5.41692,6.85261,22.9413
5.56359,7.06312,22.8651
5.7168,7.28277,22.8128
5.87675,7.51058,22.7854
6.04353,7.74545,22.7843
6.2171,7.98608,22.8104
6.39729,8.23097,22.8651
6.5838,8.47838,22.9492
6.77618,8.72637,23.0637
6.97381,8.97271,23.2094
7.17592,9.21492,23.387
7.38157,9.45026,23.5966
7.58962,9.67575,23.8384
7.79876,9.88818,24.112
8.00747,10.0841,24.4164
8.21406,10.2601,24.7504
8.41665,10.4125,25.112
8.6132,10.5377,25.4987
8.80153,10.6323,25.9073
8.97934,10.6931,26.334
9.14428,10.7173,26.7742
9.29397,10.7027,27.223
9.42606,10.6475,27.6746
9.5383,10.5509,28.1232
9.62864,10.4129,28.5624
9.69523,10.2344,28.9859
9.73655,10.0171,29.3874
9.75144,9.76392,29.7611
9.73916,9.47849,30.1013
9.69942,9.16521,30.4034
9.63243,8.82912,30.6633
9.53888,8.4757,30.8781
9.41991,8.11068,31.0455
9.27714,7.73983,31.1647
9.11254,7.36877,31.2355
8.92846,7.0028,31.2587
8.72747,6.64675,31.2361
8.51236,6.30489,31.17
8.286,5.98081,31.0632
8.05133,5.67742,30.919
7.81122,5.39694,30.7411
7.56846,5.14094,30.5329
7.32569,4.91037,30.2983
7.08536,4.70563,30.0407
6.8497,4.52668,29.7637
6.62071,4.37309,29.4705
6.40013,4.24412,29.1641
6.18946,4.13881,28.8473
5.98996,4.05608,28.5227
5.80265,3.99473,28.1924
5.62834,3.95353,27.8586
5.46765,3.93127,27.5231
5.32103,3.92677,27.1876
5.18878,3.93894,26.8535
5.07105,3.96675,26.5222
4.9679,4.00929,26.1949
4.87931,4.06574,25.8727
4.80518,4.13542,25.5567
4.74536,4.21773,25.2478
4.69965,4.31217,24.947
4.66786,4.41837,24.6552
4.64976,4.53602,24.3733
4.64511,4.66489,24.1021
4.65371,4.80483,23.8426
4.67534,4.95575,23.5956
4.7098,5.11758,23.3622
4.7569,5.29029,23.1432
4.81648,5.47388,22.9398
4.88838,5.66831,22.753
4.97246,5.87356,22.5839
5.0686,6.08953,22.4338
5.17665,6.31608,22.304
5.29648,6.55298,22.1957
5.42794,6.79991,22.1104
5.57086,7.05638,22.0496
5.72503,7.32177,22.0148
5.89019,7.59525,22.0076
6.06603,7.87577,22.0295
6.25212,8.16203,22.0821
6.44798,8.45243,22.167
6.65298,8.74507,22.2857
6.86637,9.03771,22.4395
7.08722,9.32773,22.6295
7.31443,9.61214,22.8567
7.54672,9.8876,23.1216
7.78257,10.1504,23.4244
8.02024,10.3964,23.7648
8.25776,10.6214,24.1417
8.49292,10.8208,24.5534
8.72329,10.9899,24.9976
8.94622,11.1243,25.4709
9.15889,11.2195,25.9692
9.35834,11.2715,26.4873
9.54154,11.2768,27.0192
9.70543,11.2328,27.5583
9.84706,11.1377,28.0972
9.96362,10.9908,28.6278
10.0526,10.7927,29.1421
10.1118,10.5453,29.6319
10.1394,10.2518,30.0895
10.1344,9.91671,30.5074
10.096,9.54549,30.8793
10.0244,9.14463,31.1999
9.92023,8.72127,31.4651
9.78479,8.28291,31.6722
9.62,7.83715,31.8197
9.42834,7.39135,31.9079
9.21271,6.95244,31.9378
8.97637,6.52667,31.912
8.72282,6.11944,31.8338
8.45572,5.73522,31.7069
8.17873,5.37752,31.536
7.89547,5.04888,31.3257
7.60939,4.75095,31.0808
7.32374,4.48453,30.806
7.0415,4.24975,30.5058
6.76534,4.04613,30.1846
6.4976,3.87272,29.8462
6.2403,3.72825,29.4942
5.99513,3.61117,29.1319
5.76346,3.51983,28.762
5.54636,3.45249,28.3872
5.34464,3.40741,28.0095
5.15887,3.38293,27.631
4.98942,3.37747,27.2533
4.83646,3.38957,26.8779
4.70002,3.41793,26.5061
4.58002,3.46139,26.1389
4.47629,3.51896,25.7775
4.38855,3.5898,25.4228
4.31653,3.67321,25.0757
4.25989,3.76867,24.7369
4.21829,3.87576,24.4072
4.19139,3.99419,24.0875
4.17886,4.12381,23.7785
4.18039,4.26452,23.481
4.19569,4.41634,23.1958
4.22452,4.57934,22.9238
4.26666,4.75367,22.6658
4.32193,4.9395,22.4229
4.39018,5.13703,22.1959
4.47131,5.34645,21.9861
4.56522,5.56797,21.7947
4.67186,5.80174,21.6228
4.79119,6.04787,21.472
4.92319,6.3064,21.3436
5.06783,6.57722,21.2394
5.22506,6.86014,21.1609
5.39483,7.15475,21.1101
5.57703,7.46046,21.0887
5.7715,7.77641,21.0989
5.97799,8.10147,21.1427
6.19617,8.43415,21.2221
6.42556,8.77259,21.3393
6.66554,9.11449,21.4963
6.91531,9.45707,21.6949
7.17385,9.79707,21.9368
7.4399,10.1307,22.2234
7.71195,10.4536,22.5557
7.98817,10.7609,22.9339
8.26643,11.0472,23.3578
8.54427,11.3068,23.8262
8.81888,11.5336,24.3371
9.08717,11.7215,24.8871
9.34572,11.8643,25.4719
9.59086,11.9561,26.0858
9.81876,11.9918,26.7218
10.0255,11.9668,27.3717
10.2071,11.878,28.0262
10.3597,11.7236,28.6752
10.4799,11.5035,29.3081
10.5646,11.2193,29.9139
10.6111,10.8748,30.482
10.6175,10.4753,31.0025
10.5828,10.0279,31.4666
10.5067,9.54131,31.8667
10.3899,9.02492,32.1974
10.2339,8.4889,32.4548
10.0411,7.94355,32.6375
9.8146,7.39886,32.7455
9.55812,6.8641,32.7809
9.27591,6.34754,32.7474
8.97252,5.85619,32.6496
8.65268,5.39569,32.4932
8.32113,4.97025,32.2845
7.98249,4.5827,32.0298
7.64113,4.23462,31.7356
7.30112,3.92645,31.4081
6.96613,3.65773,31.0532
6.63936,3.42722,30.676
6.32361,3.23313,30.2815
6.02119,3.07331,29.8739
5.73396,2.94534,29.4569
5.46339,2.8467,29.0336
5.21056,2.77488,28.6067
4.9762,2.72743,28.1785
4.76076,2.70206,27.751
4.56442,2.69664,27.3257
4.38718,2.70927,26.9041
4.22882,2.73825,26.4873
4.08905,2.78213,26.0762
3.96743,2.83966,25.6717
3.86349,2.90984,25.2746
3.77671,2.99186,24.8855
3.70653,3.0851,24.5051
3.65243,3.18911,24.134
3.61388,3.30363,23.7727
3.59039,3.42851,23.4218
3.58152,3.56377,23.082
3.58686,3.7095,22.7538
3.60606,3.86593,22.4379
3.63885,4.03335,22.1351
3.68498,4.21214,21.8461
3.74429,4.40271,21.5718
3.81667,4.60555,21.313
3.90208,4.82113,21.0709
4.00049,5.04998,20.8465
4.11198,5.29259,20.6412
4.23662,5.54942,20.4563
4.37454,5.8209,20.2933
4.52589,6.10736,20.154
4.69083,6.40904,20.0402
4.86953,6.72602,19.9539
5.06212,7.05818,19.8974
5.26873,7.4052,19.873
5.4894,7.76645,19.8832
5.72411,8.14095,19.9307
5.97274,8.52732,20.0184
6.23499,8.92368,20.149
6.51043,9.32762,20.3257
6.79838,9.73608,20.5511
7.09792,10.1453,20.8279
7.4078,10.5508,21.1587
7.72645,10.9473,21.5453
8.05189,11.3286,21.989
8.38171,11.6879,22.4905
8.71305,12.0176,23.0491
9.04254,12.3094,23.663
9.36634,12.5547,24.3289
9.68015,12.745,25.0418
9.97926,12.8716,25.7947
10.2586,12.9268,26.5788
10.5129,12.9038,27.3835
10.7368,12.7976,28.1963
10.9251,12.6052,29.0035
11.073,12.326,29.7902
11.1759,11.9622,30.5414
11.2304,11.5188,31.2422
11.2339,11.0039,31.879
11.1847,10.4276,32.4397
11.0828,9.80263,32.9146
10.929,9.1427,33.2968
10.7258,8.46241,33.5822
10.4766,7.77626,33.77
10.186,7.09799,33.8622
9.8592,6.43999,33.863
9.50226,5.81283,33.779
9.1214,5.22501,33.6179
8.72301,4.68283,33.3888
8.31334,4.19045,33.1006
7.89837,3.75008,32.7625
7.4836,3.36217,32.3834
7.07398,3.02577,31.9712
6.67384,2.73879,31.5333
6.28685,2.49837,31.0759
5.91603,2.30109,30.6048
5.56376,2.14322,30.1243
5.23182,2.02096,29.6385
4.92149,1.93054,29.1504
4.63356,1.86836,28.6626
4.3684,1.83108,28.1771
4.12605,1.81564,27.6955
3.90628,1.81933,27.219
3.70864,1.83977,26.7488
3.53249,1.8749,26.2855
3.37711,1.92301,25.8298
3.24168,1.98269,25.3822
3.12532,2.05279,24.943
3.02718,2.13247,24.5127
2.9464,2.22108,24.0916
2.88214,2.3182,23.6799
2.83363,2.42361,23.278
2.80016,2.53725,22.8861
2.78107,2.6592,22.5046
2.77581,2.78969,22.1338
2.78387,2.92907,21.7741
2.80487,3.07777,21.4259
2.83848,3.23634,21.0897
2.88446,3.40539,20.7661
2.94268,3.58562,20.4556
3.01307,3.77778,20.159
3.09564,3.98268,19.877
3.19049,4.20117,19.6105
3.29779,4.43411,19.3607
3.41777,4.68242,19.1287
3.55073,4.947,18.9158
3.69703,5.22873,18.7236
3.85707,5.52846,18.5537
4.03131,5.84699,18.4082
4.22021,6.18499,18.2891
4.42426,6.54302,18.199
4.64395,6.92144,18.1405
4.87975,7.32037,18.1167
5.13206,7.73959,18.1308
5.40123,8.1785,18.1864
5.68748,8.636,18.2874
5.9909,9.11037,18.4379
6.31133,9.59919,18.6422
6.64841,10.0992,18.9046
7.00142,10.606,19.2296
7.36926,11.1144,19.6214
7.75036,11.6178,20.0837
8.14264,12.1082,20.6197
8.54335,12.5763,21.2315
8.94911,13.0118,21.9199
9.35577,13.4029,22.6841
9.75841,13.7369,23.5208
10.1513,14.0007,24.4245
10.5282,14.1812,25.3864
10.8819,14.2659,26.3949
11.205,14.2438,27.435
11.4897,14.1065,28.489
11.7284,13.8485,29.5365
11.9139,13.4686,30.5555
12.0396,12.9701,31.5232
12.1003,12.3611,32.4176
12.0922,11.6543,33.2182
12.0132,10.8667,33.908
11.8634,10.0183,34.4739
11.6447,9.13102,34.9076
11.3611,8.22748,35.206
11.0184,7.3294,35.3709
10.6236,6.45655,35.4086
10.1852,5.62578,35.3288
9.71191,4.85044,35.1437
9.21295,4.14019,34.8673
8.69734,3.50105,34.5139
8.17361,2.93571,34.0975
7.64963,2.44407,33.6313
7.13234,2.02373,33.1273
6.62772,1.67064,32.5959
6.14073,1.37959,32.0457
5.67531,1.14472,31.484
5.23445,0.959861,30.9167
4.82025,0.818897,30.3481
4.43405,0.715935,29.7819
4.07652,0.645487,29.2205
3.74776,0.602551,28.6658
3.44742,0.582663,28.119
3.17477,0.581913,27.5812
2.92882,0.596928,27.0527
2.70838,0.624852,26.534
2.51212,0.663304,26.0251
2.33863,0.710337,25.5262
2.18648,0.764392,25.0373
2.05424,0.824255,24.5581
1.94051,0.889013,24.0888
1.84397,0.958015,23.629
1.76336,1.03084,23.1789
1.6975,1.10725,22.7382
1.64534,1.18718,22.3069
1.60591,1.27073,21.885
1.57834,1.35809,21.4723
1.56189,1.44957,21.069
1.5559,1.54557,20.6749
1.55985,1.64659,20.2901
1.57328,1.75317,19.9146
1.59585,1.86596,19.5486
1.62732,1.98564,19.1922
1.66754,2.11296,18.8456
1.71643,2.24875,18.5089
1.77402,2.39389,18.1825
1.84042,2.5493,17.8666
1.91581,2.71601,17.5617
2.00047,2.89506,17.2683
2.09475,3.08761,16.9869
2.19906,3.29485,16.7183
2.31392,3.51805,16.4632
2.4399,3.75855,16.2227
2.57766,4.01775,15.9979
2.72792,4.29711,15.7901
2.8915,4.59813,15.601
3.06926,4.92235,15.4323
3.26213,5.27131,15.2861
3.4711,5.64655,15.1651
3.69722,6.04954,15.072
3.94157,6.48162,15.0101
4.20523,6.94398,14.9831
4.48931,7.43754,14.9954
4.79486,7.96281,15.0518
5.12288,8.51983,15.1578
5.47422,9.10794,15.3194
5.84958,9.72562,15.5433
6.24938,10.3702,15.8367
6.67368,11.0377,16.2073
7.12209,11.7225,16.663
7.59364,12.4169,17.212
8.0866,13.111,17.8618
8.59836,13.7925,18.6194
9.12523,14.4461,19.4903
9.66231,15.054,20.4775
10.2033,15.5959,21.5813
10.7406,16.0489,22.7975
11.2648,16.3892,24.1172
11.7653,16.5928,25.5252
12.2302,16.6368,27
12.6466,16.5021,28.5137
13.0014,16.1749,30.0322
13.2815,15.649,31.5172
13.4753,14.9273,32.9275
13.5726,14.0229,34.2227
13.5661,12.9588,35.3655
13.452,11.7667,36.3254
13.23,10.4851,37.0805
12.9039,9.15564,37.6197
12.4812,7.82018,37.9426
11.9724,6.51749,38.0586
11.3907,5.28072,37.9855
10.7508,4.13572,37.7468
10.0679,3.10036,37.3691
9.35726,2.18475,36.8801
8.63323,1.39207,36.306
7.90877,0.719853,35.6709
7.19513,0.161403,34.9952
6.50168,-0.292848,34.296
5.83588,-0.654122,33.5865
5.20335,-0.934315,32.877
4.60805,-1.14526,32.1748
4.05244,-1.29823,31.4849
3.53772,-1.4036,30.8105
3.06402,-1.47066,30.1533
2.63066,-1.5076,29.5143
2.23629,-1.52147,28.8935
1.87906,-1.51827,28.2905
1.5568,-1.50302,27.7048
1.2671,-1.47989,27.1355
1.00743,-1.45228,26.5818
0.775194,-1.42294,26.0429
0.567841,-1.39407,25.518
0.382862,-1.36739,25.0063
0.217844,-1.34426,24.5073
0.0704972,-1.32569,24.0202
-0.0613378,-1.31249,23.5446
-0.179678,-1.30523,23.08
-0.286394,-1.30435,22.6261
-0.383217,-1.31017,22.1825
-0.471737,-1.32296,21.7488
-0.553416,-1.3429,21.325
-0.629593,-1.37017,20.9107
-0.701494,-1.40494,20.5058
-0.770247,-1.44738,20.1102
-0.83689,-1.49769,19.7238
-0.90238,-1.5561,19.3464
-0.967609,-1.62288,18.978
-1.03341,-1.69837,18.6187
-1.10058,-1.78295,18.2684
-1.16987,-1.87706,17.9272
-1.24201,-1.98122,17.5953
-1.3177,-2.09603,17.2727
-1.39766,-2.22215,16.9596
-1.4826,-2.36035,16.6565
-1.57321,-2.51145,16.3634
-1.67024,-2.6764,16.081
-1.77444,-2.85623,15.8097
-1.8866,-3.05206,15.5501
-2.00754,-3.26512,15.303
-2.13812,-3.49673,15.0692
-2.27926,-3.74831,14.8499
-2.43193,-4.02139,14.6463
-2.59716,-4.31757,14.4599
-2.77602,-4.63853,14.2925
-2.96967,-4.98602,14.1461
-3.1793,-5.36181,14.0231
-3.40617,-5.76766,13.9265
-3.6516,-6.20531,13.8595
-3.91692,-6.67635,13.8259
-4.20348,-7.18219,13.8302
-4.51265,-7.72393,13.8773
-4.84573,-8.30222,13.9731
-5.20393,-8.91707,14.124
-5.58832,-9.5677,14.3374
-5.99976,-10.2522,14.6212
-6.43875,-10.9673,14.9842
-6.90538,-11.708,15.4357
-7.39915,-12.4671,15.9854
-7.91882,-13.2349,16.643
-8.4622,-13.999,17.4176
-9.02597,-14.7435,18.3172
-9.60546,-15.4492,19.348
-10.1944,-16.0934,20.5126
-10.785,-16.6503,21.8098
-11.3672,-17.0917,23.2323
-11.9296,-17.3884,24.7663
-12.4588,-17.5117,26.3899
-12.9401,-17.436,28.0732
-13.358,-17.1414,29.7781
-13.697,-16.6164,31.4601
-13.9423,-15.8605,33.0703
-14.0813,-14.8856,34.5592
-14.1041,-13.7167,35.8803
-14.0048,-12.3901,36.9945
-13.7823,-10.9515,37.8736
-13.4398,-9.45119,38.5022
-12.9856,-7.94056,38.8788
-12.4317,-6.46724,39.0148
-11.7934,-5.07182,38.932
-11.0878,-3.78564,38.6595
-10.3331,-2.62984,38.2303
-9.54716,-1.61577,37.6784
-8.74667,-0.746101,37.0356
-7.94673,-0.0166451,36.3307
-7.16026,0.581814,35.5876
-6.39789,1.06171,34.8257
-5.66792,1.43718,34.0601
-4.97648,1.72285,33.3014
-4.32772,1.93301,32.5572
-3.72405,2.081,31.8322
-3.16648,2.17891,31.1292
-2.6548,2.23743,30.4492
-2.18791,2.26582,29.7925
-1.76398,2.27196,29.1584
-1.38068,2.26248,28.546
-1.03533,2.24287,27.954
-0.725047,2.21761,27.3813
-0.446827,2.19037,26.8266
-0.197651,2.16404,26.2887
0.0254588,2.14096,25.7665
0.225389,2.12292,25.2591
0.404902,2.11134,24.7657
0.566613,2.10732,24.2856
0.712979,2.11168,23.8182
0.84629,2.12506,23.363
0.968673,2.14798,22.9197
1.08209,2.18081,22.4879
1.18836,2.22391,22.0674
1.28915,2.27758,21.6581
1.386,2.3421,21.2598
1.48033,2.41779,20.8726
1.57346,2.50497,20.4965
1.6666,2.60401,20.1317
1.76091,2.71535,19.7781
1.85746,2.83945,19.4362
1.95729,2.97688,19.1062
2.06136,3.12825,18.7886
2.17065,3.29426,18.4838
2.28607,3.47568,18.1924
2.40856,3.67336,17.9151
2.53902,3.88821,17.6528
2.67839,4.12122,17.4066
2.82758,4.37344,17.1775
2.98755,4.64596,16.967
3.15926,4.93993,16.7767
3.34368,5.25649,16.6084
3.54181,5.59677,16.4642
3.75467,5.96185,16.3466
3.98324,6.35274,16.2585
4.22856,6.77028,16.2029
4.49158,7.21508,16.1835
4.77324,7.68747,16.2043
5.0744,8.18733,16.2699
5.3958,8.71403,16.3852
5.73801,9.26621,16.5557
6.10139,9.84166,16.7873
6.486,10.4371,17.0862
6.89153,11.0479,17.4589
7.31718,11.6681,17.9118
7.76159,12.2897,18.4512
8.22268,12.9032,19.0827
8.69753,13.4965,19.811
9.1823,14.0558,20.639
9.67204,14.565,21.5676
10.1607,15.0064,22.5945
10.641,15.3609,23.7137
11.1045,15.6089,24.9151
11.5418,15.7314,26.1835
11.9424,15.7114,27.4986
12.2956,15.5351,28.8354
12.5904,15.1939,30.1645
12.8165,14.6855,31.4539
12.9646,14.0148,32.6701
13.0271,13.1947,33.7809
12.9988,12.2456,34.7572
12.8772,11.1943,35.5754
12.6629,10.0719,36.2191
12.3597,8.91228,36.68
11.9741,7.74868,36.9581
11.5152,6.61212,37.0609
10.9939,5.52925,37.0021
10.4225,4.52117,36.8002
9.81378,3.60295,36.4759
9.18036,2.78363,36.0513
8.53432,2.06686,35.5476
7.88667,1.45173,34.9844
7.24708,0.933806,34.3791
6.62374,0.506151,33.746
6.02329,0.160252,33.0973
5.45087,-0.113203,32.4423
4.91023,-0.323708,31.7879
4.40387,-0.480491,31.1393
3.93318,-0.592212,30.5002
3.49865,-0.666771,29.8729
3.09999,-0.711221,29.2587
2.73633,-0.731737,28.6585
2.40633,-0.733641,28.0723
2.10831,-0.721447,27.5002
1.84037,-0.698933,26.9419
1.60046,-0.66922,26.3968
1.38646,-0.634846,25.8645
1.19623,-0.597847,25.3446
1.02768,-0.55983,24.8364
0.878774,-0.52204,24.3396
0.747566,-0.485416,23.8537
0.632225,-0.450652,23.3782
0.531038,-0.418237,22.9128
0.442417,-0.388497,22.4572
0.3649,-0.361631,22.0111
0.297154,-0.337738,21.5741
0.237962,-0.316845,21.1461
0.18623,-0.29892,20.7268
0.140967,-0.283896,20.3159
0.101289,-0.271683,19.9133
0.0664017,-0.262173,19.5188
0.0355998,-0.255257,19.1322
0.00825394,-0.250825,18.7534
-0.016195,-0.248776,18.3821
-0.0382437,-0.249021,18.0182
-0.0583339,-0.251481,17.6615
-0.0768587,-0.256098,17.312
-0.0941691,-0.26283,16.9694
-0.11058,-0.271654,16.6337
-0.126374,-0.28257,16.3047
-0.141811,-0.295596,15.9822
-0.157125,-0.310775,15.6662
-0.172535,-0.32817,15.3566
-0.188247,-0.347871,15.0531
-0.204456,-0.369988,14.7558
-0.22135,-0.394659,14.4644
-0.239115,-0.422048,14.1789
-0.257935,-0.452347,13.8993
-0.277997,-0.485776,13.6253
-0.299491,-0.522588,13.357
-0.322617,-0.56307,13.0942
-0.347583,-0.607543,12.8368
-0.37461,-0.656369,12.5849
-0.403936,-0.709951,12.3384
-0.435816,-0.768742,12.0971
-0.470525,-0.833241,11.8612
-0.508363,-0.904004,11.6305
-0.549658,-0.98165,11.4052
-0.594767,-1.06686,11.1851
-0.644083,-1.1604,10.9705
-0.698037,-1.26309,10.7613
-0.757102,-1.37588,10.5577
-0.821801,-1.49977,10.3599
-0.892706,-1.6359,10.168
-0.970451,-1.78552,9.9824
-1.05573,-1.95,9.80342
-1.14932,-2.13084,9.63152
-1.25205,-2.32972,9.46724
-1.36487,-2.54845,9.31129
-1.48879,-2.78903,9.1645
-1.62494,-3.05365,9.02793
-1.77455,-3.34467,8.90284
-1.93899,-3.66468,8.79078
-2.11972,-4.01645,8.69363
-2.31836,-4.40297,8.61368
-2.53667,-4.82742,8.55368
-2.77654,-5.29313,8.51698
-3.04002,-5.80356,8.50758
-3.32928,-6.36226,8.53031
-3.64664,-6.97273,8.59093
-3.99452,-7.6383,8.69632
-4.37542,-8.36196,8.85462
-4.79184,-9.1461,9.07542
-5.24627,-9.99217,9.36995
-5.741,-10.9002,9.75117
-6.27806,-11.8683,10.2339
-6.85897,-12.892,10.8348
-7.48453,-13.9631,11.5721
-8.15448,-15.069,12.4654
-8.86717,-16.1916,13.5346
-9.61902,-17.3059,14.799
-10.4041,-18.3794,16.2754
-11.2136,-19.3714,17.9755
-12.0351,-20.2327,19.9031
-12.8525,-20.9074,22.0507
-13.6455,-21.3353,24.3953
-14.3899,-21.4562,26.8961
-15.0584,-21.2168,29.4919
-15.6216,-20.5774,32.1027
-16.0501,-19.5207,34.6332
-16.3168,-18.0576,36.9809
-16.3999,-16.2311,39.0464
-16.2851,-14.1138,40.7454
-15.968,-11.802,42.0195
-15.4544,-9.40405,42.8429
-14.7602,-7.02778,43.2241
-13.9098,-4.76842,43.2014
-12.9333,-2.70004,42.8355
-11.8638,-0.871488,42.1984
-10.7349,0.693299,41.3646
-9.57782,1.99172,40.4033
-8.42031,3.03723,39.3735
-7.28548,3.85382,38.3217
-6.19157,4.47098,37.2824
-5.15213,4.91993,36.279
-4.17642,5.23094,35.3258
-3.27004,5.43172,34.4299
-2.43557,5.54663,33.5938
-1.67322,5.59646,32.8162
-0.981372,5.59854,32.0939
-0.357071,5.56707,31.4225
0.20355,5.5135,30.7972
0.704954,5.44697,30.213
1.15194,5.37467,29.6654
1.54945,5.30221,29.1502
1.90242,5.23391,28.6637
2.21567,5.17306,28.2028
2.49381,5.12213,27.7648
2.74123,5.08292,27.3476
2.96204,5.05673,26.9496
3.16007,5.04444,26.5693
3.33882,5.04664,26.2057
3.50154,5.06365,25.8581
3.65116,5.09565,25.526
3.79035,5.14265,25.2092
3.92154,5.20459,24.9076
4.04689,5.28131,24.6212
4.16836,5.37263,24.3503
4.28768,5.4783,24.0951
4.40642,5.59808,23.8563
4.52596,5.73167,23.6343
4.64752,5.87876,23.4299
4.77217,6.03902,23.2437
4.90085,6.21206,23.0766
5.03437,6.39746,22.9296
5.17343,6.59473,22.8037
5.31859,6.8033,22.7
5.47033,7.02251,22.6195
5.629,7.25156,22.5636
5.79481,7.48953,22.5335
5.96791,7.73532,22.5305
6.14826,7.98763,22.5558
6.33575,8.24497,22.6107
6.53007,8.50556,22.6963
6.73081,8.76741,22.8139
6.93735,9.0282,22.9642
7.14894,9.28536,23.1482
7.3646,9.53599,23.3661
7.58318,9.77692,23.6183
7.80331,10.0047,23.9044
8.02342,10.2157,24.2237
8.24172,10.406,24.5748
8.45624,10.5718,24.956
8.66481,10.709,25.3646
8.86507,10.8139,25.7973
9.05457,10.883,26.25
9.23075,10.9129,26.718
9.39101,10.9011,27.1959
9.53279,10.8456,27.6775
9.65363,10.7455,28.1565
9.75123,10.6004,28.6258
9.82355,10.4114,29.0787
9.86889,10.1803,29.5082
9.88594,9.91019,29.9078
9.87386,9.60504,30.2714
9.8323,9.26971,30.5939
9.76147,8.90976,30.8708
9.66209,8.53124,31.0988
9.53542,8.14048,31.2758
9.38322,7.74383,31.4007
9.20765,7.34748,31.4735
9.01127,6.95723,31.4954
8.79691,6.57833,31.4681
8.5676,6.21536,31.3946
8.32649,5.87216,31.2779
8.07674,5.55179,31.1219
7.82149,5.25652,30.9303
7.56373,4.98791,30.7073
7.30629,4.74682,30.457
7.05179,4.53353,30.183
6.8026,4.34783,29.8893
6.56079,4.1891,29.5792
6.32821,4.0564,29.256
6.10638,3.94859,28.9225
5.8966,3.86436,28.5814
5.69989,3.80235,28.235
5.51706,3.76116,27.8855
5.34868,3.73943,27.5347
5.19518,3.73585,27.1841
5.05679,3.74921,26.8354
4.93364,3.7784,26.4899
4.82573,3.82244,26.1486
4.73297,3.88046,25.8128
4.65522,3.95171,25.4834
4.59227,4.0356,25.1614
4.54389,4.13162,24.8476
4.50982,4.23938,24.5429
4.4898,4.3586,24.2482
4.48358,4.48907,23.9643
4.4909,4.63069,23.6922
4.51154,4.78339,23.4326
4.54528,4.94716,23.1865
4.59192,5.12205,22.9549
4.65131,5.30811,22.7387
4.72329,5.50538,22.5392
4.80773,5.71392,22.3573
4.90452,5.93374,22.1944
5.01357,6.16479,22.0517
5.13476,6.40695,21.9306
5.268,6.66,21.8326
5.41316,6.92359,21.7592
5.57008,7.19721,21.712
5.73857,7.48015,21.6927
5.91838,7.77149,21.703
6.10917,8.07004,21.7447
6.31053,8.37431,21.8195
6.5219,8.68249,21.9291
6.74261,8.99238,22.0751
6.97182,9.30141,22.259
7.20849,9.60659,22.482
7.4514,9.9045,22.745
7.69907,10.1913,23.0485
7.94979,10.4627,23.3926
8.2016,10.7141,23.7766
8.45226,10.9407,24.1992
8.69925,11.1373,24.6582
8.93984,11.2989,25.1506
9.17103,11.4203,25.6724
9.38967,11.4969,26.2184
9.59248,11.5245,26.7826
9.77609,11.4996,27.358
9.93721,11.4197,27.9366
10.0727,11.2836,28.5099
10.1795,11.0912,29.0691
10.2551,10.844,29.6051
10.2974,10.5451,30.109
10.3048,10.1989,30.5726
10.2764,9.81119,30.9883
10.2119,9.38879,31.3498
10.1119,8.93951,31.6522
9.97762,8.47162,31.8921
9.8109,7.99359,32.0677
9.61431,7.51373,32.1786
9.39091,7.03987,32.2261
9.1442,6.57914,32.2125
8.87797,6.13773,32.1416
8.59619,5.72076,32.0175
8.3029,5.33227,31.8451
8.00206,4.97519,31.6298
7.6975,4.65138,31.3768
7.39279,4.36178,31.0913
7.09124,4.10651,30.7785
6.79578,3.88501,30.443
6.50902,3.69619,30.0891
6.23315,3.53855,29.7208
5.97003,3.41034,29.3416
5.72115,3.30962,28.9545
5.48767,3.23442,28.5622
5.27045,3.18276,28.167
5.07009,3.15272,27.771
4.88694,3.14252,27.3759
4.72118,3.15051,26.9831
4.57279,3.17521,26.594
4.44165,3.21531,26.2097
4.32751,3.26969,25.8312
4.23008,3.33742,25.4594
4.14898,3.41771,25.0951
4.08383,3.50996,24.7392
4.03421,3.61373,24.3922
3.99974,3.7287,24.055
3.98001,3.85468,23.7283
3.97468,3.9916,23.4127
3.98341,4.1395,23.1091
4.00591,4.29848,22.8181
4.04193,4.46872,22.5407
4.09128,4.65047,22.2778
4.15378,4.84399,22.0302
4.22933,5.0496,21.7991
4.31784,5.2676,21.5855
4.41928,5.49827,21.3906
4.53364,5.74189,21.2159
4.66093,5.99865,21.0628
4.80118,6.26868,20.9328
4.95443,6.55197,20.8276
5.12069,6.8484,20.7491
5.29996,7.15764,20.6993
5.49221,7.47913,20.6801
5.69733,7.81208,20.6939
5.91513,8.15534,20.7429
6.14534,8.50741,20.8293
6.38752,8.86636,20.9557
6.64107,9.22979,21.1242
6.90522,9.59475,21.337
7.17893,9.95773,21.5962
7.46092,10.3146,21.9033
7.74961,10.6607,22.2596
8.04308,10.9906,22.6656
8.33904,11.2983,23.1212
8.63487,11.5776,23.6254
8.92753,11.8215,24.1759
9.21362,12.0232,24.7692
9.4894,12.1756,25.4007
9.75084,12.2723,26.0639
9.99367,12.3071,26.7513
10.2135,12.2751,27.4536
10.406,12.1727,28.1604
10.567,11.9979,28.8603
10.6924,11.7508,29.5414
10.7788,11.4333,30.1914
10.8234,11.0498,30.7984
10.8243,10.6067,31.3515
10.7802,10.1124,31.8408
10.691,9.57676,32.2586
10.5576,9.0107,32.5988
10.3818,8.42582,32.858
10.1666,7.83371,33.0349
