1.01257,1.25988,0.99144
1.04882,1.52386,0.985992
1.10718,1.798,0.984174
1.1868,2.08797,0.986726
1.28743,2.39922,0.99464
1.40934,2.73712,1.0092
1.55332,3.10708,1.03203
1.72057,3.51466,1.06521
1.91275,3.96562,1.11134
2.1319,4.46604,1.17368
2.38046,5.0223,1.25634
2.66128,5.64113,1.36444
2.97757,6.32956,1.50439
3.33293,7.09483,1.68415
3.73132,7.94427,1.91361
4.17699,8.88498,2.20495
4.67445,9.9235,2.57316
5.22836,11.0651,3.03643
5.84333,12.3132,3.61674
6.52371,13.6678,4.3402
7.27325,15.1243,5.23736
8.09456,16.6714,6.34308
8.98853,18.2883,7.69594
9.95341,19.9424,9.33664
10.9838,21.5859,11.3052
12.0695,23.153,13.6365
13.1939,24.5583,16.3536
14.333,25.6974,19.4593
15.4545,26.4512,22.9265
16.5173,26.6956,26.6884
17.4728,26.3161,30.6322
18.2676,25.2285,34.5995
18.8474,23.4,38.3966
19.1633,20.866,41.8152
19.178,17.7367,44.6627
18.8717,14.1876,46.7939
18.2451,10.4355,48.1346
17.3204,6.70434,48.692
16.1379,3.19259,48.5465
14.7506,0.0486366,47.8306
13.2177,-2.63936,46.7013
11.5984,-4.84063,45.3145
9.94675,-6.56994,43.8069
8.30882,-7.87222,42.2858
6.72108,-8.80795,40.8277
5.2105,-9.44175,39.4806
3.79545,-9.83486,38.2698
2.48708,-10.0411,37.2038
1.29079,-10.1053,36.2798
0.207621,-10.0633,35.4876
-0.764507,-9.94325,34.8135
-1.62981,-9.76646,34.2418
-2.39387,-9.54911,33.757
-3.06307,-9.30334,33.3439
-3.64422,-9.03831,32.9888
-4.14419,-8.76101,32.6792
-4.56983,-8.47686,32.4044
-4.92777,-8.19022,32.155
-5.2244,-7.90465,31.923
-5.4658,-7.62315,31.702
-5.65774,-7.3483,31.4867
-5.80567,-7.08234,31.2728
-5.91473,-6.82724,31.0572
-5.98973,-6.58467,30.8375
-6.03517,-6.35606,30.6121
-6.05526,-6.14261,30.38
-6.05389,-5.94526,30.1407
-6.03468,-5.76472,29.8942
-6.00096,-5.60147,29.6409
-5.95576,-5.45582,29.3811
-5.90185,-5.32785,29.1158
-5.84175,-5.21751,28.8457
-5.77771,-5.12461,28.5719
-5.71176,-5.04882,28.2953
-5.64569,-4.98975,28.0172
-5.58107,-4.94692,27.7384
-5.51929,-4.91983,27.4602
-5.46155,-4.90794,27.1834
-5.40888,-4.91069,26.9092
-5.36218,-4.92754,26.6386
-5.32218,-4.95796,26.3725
-5.28953,-5.00146,26.1118
-5.26473,-5.05754,25.8574
-5.24822,-5.12577,25.6103
-5.24034,-5.20573,25.3713
-5.24137,-5.29703,25.1413
-5.25153,-5.39934,24.9212
-5.27098,-5.51231,24.7119
-5.29983,-5.63562,24.5141
-5.33816,-5.76898,24.329
-5.386,-5.91207,24.1572
-5.44337,-6.06457,23.9998
-5.51023,-6.22615,23.8578
-5.58653,-6.39641,23.732
-5.67217,-6.57493,23.6235
-5.76703,-6.76122,23.5333
-5.87095,-6.9547,23.4623
-5.9837,-7.15469,23.4117
-6.10505,-7.36042,23.3824
-6.23466,-7.57096,23.3755
-6.37217,-7.78526,23.3918
-6.51712,-8.00211,23.4323
-6.66898,-8.2201,23.4978
-6.82712,-8.43765,23.589
-6.99082,-8.65301,23.7065
-7.15926,-8.86421,23.8506
-7.33148,-9.06911,24.0217
-7.50641,-9.26537,24.2195
-7.68285,-9.45051,24.4437
-7.85948,-9.62192,24.6936
-8.03483,-9.77689,24.968
-8.20734,-9.9127,25.2654
-8.37532,-10.0266,25.5838
-8.537,-10.1161,25.9207
-8.69051,-10.1786,26.2731
-8.83397,-10.212,26.6377
-8.96548,-10.2145,27.0105
-9.08316,-10.1847,27.3873
-9.18521,-10.1219,27.7636
-9.26996,-10.0258,28.1346
-9.3359,-9.89669,28.4954
-9.38173,-9.73581,28.8411
-9.40642,-9.54486,29.167
-9.40923,-9.32628,29.4686
-9.38975,-9.08306,29.742
-9.34793,-8.81873,29.9836
-9.28407,-8.5372,30.1905
-9.19884,-8.24268,30.3606
-9.09323,-7.93952,30.4922
-8.96859,-7.63209,30.5847
-8.82651,-7.32465,30.6379
-8.66887,-7.02123,30.6525
-8.49769,-6.72552,30.6296
-8.31518,-6.44083,30.571
-8.12359,-6.17002,30.4787
-7.92523,-5.91543,30.3551
-7.72238,-5.67896,30.203
-7.51727,-5.462,30.025
-7.31202,-5.26551,29.8241
-7.10861,-5.09005,29.603
-6.90889,-4.93582,29.3646
-6.71452,-4.8027,29.1113
-6.52699,-4.69037,28.8459
-6.3476,-4.59827,28.5705
-6.17747,-4.52573,28.2875
-6.01754,-4.47196,27.9988
-5.86859,-4.43615,27.7064
-5.73123,-4.41742,27.4118
-5.60596,-4.41494,27.1167
-5.49313,-4.42789,26.8226
-5.39298,-4.45549,26.5307
-5.30567,-4.49702,26.2423
-5.23126,-4.55185,25.9586
-5.16978,-4.61939,25.6806
-5.12116,-4.69912,25.4093
-5.08533,-4.79061,25.1458
-5.06218,-4.89348,24.8911
-5.05155,-5.00741,24.6459
-5.05329,-5.13212,24.4114
-5.06726,-5.26738,24.1885
-5.09326,-5.41298,23.978
-5.13114,-5.56875,23.7811
-5.18073,-5.7345,23.5986
-5.24184,-5.91004,23.4317
-5.31431,-6.09515,23.2813
-5.39795,-6.28958,23.1486
-5.49257,-6.493,23.0348
-5.59796,-6.70501,22.9409
-5.7139,-6.92513,22.8682
-5.84011,-7.15273,22.818
-5.97631,-7.38707,22.7914
-6.12214,-7.62722,22.7897
-6.27718,-7.87209,22.8141
-6.44094,-8.12037,22.8658
-6.61286,-8.37052,22.9459
-6.79223,-8.62077,23.0553
-6.97828,-8.8691,23.195
-7.17006,-9.1132,23.3655
-7.36652,-9.35053,23.5673
-7.56643,-9.57829,23.8004
-7.7684,-9.79344,24.0646
-7.97089,-9.99275,24.3591
-8.17218,-10.1729,24.6827
-8.37038,-10.3303,25.0338
-8.56347,-10.4617,25.4099
-8.74928,-10.5636,25.8081
-8.92556,-10.633,26.2247
-9.08998,-10.667,26.6557
-9.24019,-10.6634,27.0961
-9.37385,-10.6203,27.5406
-9.48875,-10.5369,27.9835
-9.58281,-10.4128,28.4189
-9.65417,-10.2487,28.8404
-9.70125,-10.0462,29.2421
-9.72281,-9.80775,29.618
-9.71802,-9.53665,29.9628
-9.68648,-9.237,30.2716
-9.62822,-8.9135,30.5402
-9.54378,-8.57137,30.7655
-9.43414,-8.21608,30.945
-9.30071,-7.85323,31.0776
-9.14531,-7.48834,31.1628
-8.97009,-7.12667,31.2011
-8.77748,-6.77307,31.1938
-8.57011,-6.43188,31.1431
-8.35077,-6.10683,31.0515
-8.12227,-5.80101,30.9221
-7.88745,-5.51683,30.7581
-7.64905,-5.25607,30.5632
-7.40971,-5.01988,30.3409
-7.17188,-4.80889,30.0946
-6.93783,-4.62323,29.828
-6.7096,-4.46264,29.5441
-6.489,-4.32653,29.246
-6.27759,-4.21409,28.9366
-6.0767,-4.1243,28.6185
-5.88744,-4.05605,28.2939
-5.71069,-4.00818,27.965
-5.54714,-3.9795,27.6337
-5.3973,-3.96885,27.3017
-5.26154,-3.97515,26.9705
-5.14008,-3.99736,26.6416
-5.03302,-4.03455,26.3162
-4.94037,-4.0859,25.9954
-4.86209,-4.15067,25.6804
-4.79804,-4.22825,25.3722
-4.74807,-4.31812,25.0716
-4.71199,-4.41985,24.7797
-4.68957,-4.53311,24.4972
-4.68062,-4.65764,24.2252
-4.68491,-4.79327,23.9646
-4.70222,-4.93986,23.7161
-4.73237,-5.09733,23.4808
-4.77515,-5.26563,23.2596
-4.83041,-5.44472,23.0536
-4.89797,-5.63458,22.8639
-4.97768,-5.83514,22.6914
-5.06941,-6.04633,22.5375
-5.17302,-6.26799,22.4034
-5.28836,-6.49991,22.2903
-5.41527,-6.74176,22.1997
-5.55359,-6.9931,22.133
-5.7031,-7.25333,22.0916
-5.86354,-7.52166,22.0772
-6.03461,-7.7971,22.0911
-6.2159,-8.07842,22.1351
-6.40693,-8.3641,22.2105
-6.60711,-8.65234,22.3189
-6.81571,-8.941,22.4615
-7.03185,-9.22761,22.6396
-7.25448,-9.50932,22.8539
-7.48237,-9.78293,23.1052
-7.71408,-10.0449,23.3937
-7.94795,-10.2914,23.7191
-8.1821,-10.5181,24.0805
-8.41442,-10.7209,24.4764
-8.64258,-10.8952,24.9047
-8.86407,-11.0366,25.3624
-9.07616,-11.1407,25.8454
-9.27601,-11.2036,26.3491
-9.46069,-11.2218,26.8679
-9.62726,-11.1926,27.3955
-9.77281,-11.1139,27.9247
-9.89459,-10.9849,28.4482
-9.99007,-10.8058,28.958
-10.0571,-10.5781,29.4463
-10.0938,-10.3044,29.9053
-10.0988,-9.98884,30.328
-10.0716,-9.63631,30.7077
-10.0118,-9.25282,31.0391
-9.92005,-8.84505,31.3177
-9.7973,-8.42012,31.5404
-9.64526,-7.98535,31.7056
-9.46614,-7.54795,31.8127
-9.26258,-7.11477,31.8625
-9.03764,-6.6921,31.857
-8.79462,-6.28548,31.7989
-8.53699,-5.8996,31.6919
-8.26832,-5.53824,31.54
-7.99214,-5.20424,31.3477
-7.71186,-4.89957,31.1195
-7.43073,-4.62536,30.8601
-7.15175,-4.38204,30.5739
-6.87765,-4.1694,30.2653
-6.61085,-3.98675,29.9381
-6.35348,-3.833,29.596
-6.1073,-3.70679,29.2424
-5.87382,-3.60658,28.88
-5.65421,-3.53072,28.5117
-5.44938,-3.47755,28.1396
-5.26002,-3.44542,27.7657
-5.08658,-3.43278,27.3919
-4.92932,-3.43816,27.0198
-4.78836,-3.46024,26.6505
-4.66367,-3.49782,26.2855
-4.55514,-3.54988,25.9257
-4.46254,-3.61553,25.5722
-4.38564,-3.69403,25.2258
-4.32412,-3.7848,24.8874
-4.27767,-3.88739,24.5579
-4.24595,-4.00145,24.238
-4.22866,-4.12677,23.9284
-4.22548,-4.26323,23.6301
-4.23612,-4.41081,23.3438
-4.26033,-4.56953,23.0703
-4.29789,-4.7395,22.8106
-4.3486,-4.92086,22.5656
-4.41229,-5.11378,22.3363
-4.48886,-5.31844,22.1238
-4.57818,-5.53501,21.9293
-4.6802,-5.76364,21.7539
-4.79485,-6.00442,21.5991
-4.9221,-6.25737,21.4662
-5.06189,-6.52242,21.3569
-5.21418,-6.79936,21.2728
-5.3789,-7.08781,21.2157
-5.55592,-7.38722,21.1873
-5.74509,-7.69677,21.1897
-5.94616,-8.01538,21.2248
-6.1588,-8.34166,21.2946
-6.38256,-8.67384,21.4012
-6.61683,-9.00974,21.5464
-6.86085,-9.34674,21.7322
-7.11365,-9.68174,21.9602
-7.37403,-10.0111,22.2316
-7.64054,-10.3308,22.5476
-7.91145,-10.6361,22.9084
-8.18474,-10.9219,23.314
-8.45806,-11.1828,23.7633
-8.72875,-11.413,24.2544
-8.99386,-11.6065,24.7844
-9.25014,-11.7573,25.3492
-9.4941,-11.8599,25.9436
-9.72205,-11.909,26.5611
-9.93021,-11.9002,27.194
-10.1148,-11.8301,27.8337
-10.2721,-11.6968,28.4705
-10.3986,-11.4996,29.0944
-10.4913,-11.2399,29.6949
-10.5476,-10.9205,30.2617
-10.5654,-10.5463,30.785
-10.5434,-10.1235,31.256
-10.4814,-9.65999,31.6672
-10.3794,-9.16464,32.0126
-10.2389,-8.64699,32.2881
-10.0619,-8.11687,32.4914
-9.85098,-7.58399,32.622
-9.60969,-7.0575,32.6814
-9.34191,-6.54571,32.6724
-9.05192,-6.05581,32.599
-8.74421,-5.59374,32.4666
-8.42335,-5.16411,32.2806
-8.09384,-4.77019,32.0474
-7.76002,-4.41401,31.773
-7.42594,-4.09648,31.4635
-7.0953,-3.81753,31.1247
-6.77142,-3.57632,30.7619
-6.45717,-3.37138,30.3801
-6.155,-3.20082,29.9835
-5.86694,-3.06243,29.576
-5.59457,-2.95385,29.1608
-5.33914,-2.87266,28.7409
-5.10152,-2.8165,28.3187
-4.88228,-2.78308,27.8962
-4.68174,-2.7703,27.4751
-4.49999,-2.77621,27.057
-4.33693,-2.7991,26.6431
-4.19232,-2.83746,26.2344
-4.06583,-2.89,25.8319
-3.95701,-2.95564,25.4364
-3.86539,-3.03351,25.0486
-3.79046,-3.12294,24.6692
-3.73171,-3.22342,24.2988
-3.68864,-3.33462,23.938
-3.66075,-3.45636,23.5875
-3.64762,-3.58856,23.2478
-3.64882,-3.73131,22.9196
-3.664,-3.88476,22.6035
-3.69288,-4.04917,22.3004
-3.73519,-4.22486,22.0108
-3.79076,-4.41222,21.7358
-3.85945,-4.61168,21.4762
-3.94119,-4.8237,21.2331
-4.03595,-5.04876,21.0075
-4.14376,-5.28731,20.8008
-4.26469,-5.53979,20.6142
-4.39882,-5.8066,20.4492
-4.54629,-6.08804,20.3076
-4.70722,-6.38432,20.1911
-4.88175,-6.69551,20.1017
-5.07001,-7.02149,20.0415
-5.27207,-7.36191,20.0128
-5.48797,-7.71617,20.0181
-5.71768,-8.0833,20.0599
-5.96103,-8.46196,20.141
-6.21774,-8.85034,20.264
-6.48736,-9.24608,20.4319
-6.76923,-9.64627,20.6473
-7.06242,-10.0473,20.9128
-7.36575,-10.4448,21.2306
-7.67766,-10.8338,21.6028
-7.99627,-11.2084,22.0304
-8.31924,-11.562,22.5141
-8.64383,-11.8874,23.0532
-8.96681,-12.1768,23.6462
-9.28452,-12.4219,24.2898
-9.59285,-12.6145,24.9794
-9.88729,-12.7465,25.7084
-10.163,-12.8104,26.4685
-10.4151,-12.7996,27.2498
-10.6383,-12.7093,28.0406
-10.8276,-12.5361,28.8278
-10.9785,-12.2794,29.5974
-11.0865,-11.9408,30.3353
-11.1483,-11.5247,31.0271
-11.1611,-11.0382,31.6596
-11.1233,-10.4906,32.221
-11.0346,-9.89341,32.7017
-10.8956,-9.25957,33.0944
-10.7082,-8.60273,33.3947
-10.4757,-7.93672,33.6009
-10.2019,-7.2748,33.7143
-9.89199,-6.6291,33.7382
-9.55129,-6.01019,33.6784
-9.18578,-5.42675,33.5418
-8.80152,-4.88543,33.3365
-8.40455,-4.39087,33.0712
-8.00067,-3.9458,32.7546
-7.59531,-3.55124,32.3952
-7.19341,-3.20677,32.0008
-6.79934,-2.91083,31.5788
-6.41686,-2.66096,31.1355
-6.0491,-2.45412,30.6766
-5.6986,-2.28688,30.2068
-5.36732,-2.15566,29.7301
-5.05666,-2.05685,29.25
-4.7676,-1.98697,28.769
-4.50066,-1.94274,28.2893
-4.25602,-1.92112,27.8128
-4.0336,-1.91939,27.3408
-3.83304,-1.93516,26.8743
-3.65382,-1.96634,26.4144
-3.49531,-2.01117,25.9617
-3.35674,-2.06817,25.5167
-3.23732,-2.13617,25.08
-3.13623,-2.21424,24.6519
-3.05265,-2.3017,24.2329
-2.98578,-2.39808,23.8233
-2.93487,-2.5031,23.4233
-2.8992,-2.61665,23.0334
-2.87816,-2.73879,22.6538
-2.87116,-2.8697,22.285
-2.87772,-3.00969,21.9273
-2.89743,-3.15917,21.5813
-2.92997,-3.31864,21.2473
-2.9751,-3.48871,20.9261
-3.03265,-3.67001,20.6181
-3.10256,-3.86329,20.3242
-3.18481,-4.06931,20.0451
-3.27949,-4.28887,19.7819
-3.38675,-4.52284,19.5356
-3.50679,-4.77204,19.3073
-3.6399,-5.03735,19.0984
-3.7864,-5.31958,18.9106
-3.94667,-5.61953,18.7455
-4.12111,-5.9379,18.605
-4.31017,-6.27531,18.4915
-4.51429,-6.63219,18.4072
-4.73389,-7.0088,18.3549
-4.9694,-7.40514,18.3376
-5.22115,-7.82085,18.3585
-5.48941,-8.25518,18.4211
-5.77433,-8.70687,18.5293
-6.07588,-9.17405,18.6869
-6.39384,-9.6541,18.898
-6.72772,-10.1436,19.1669
-7.07668,-10.6381,19.4975
-7.43953,-11.1322,19.8938
-7.81458,-11.6192,20.3592
-8.19962,-12.0912,20.8962
-8.59185,-12.5391,21.5065
-8.9878,-12.9526,22.1904
-9.3833,-13.3204,22.9464
-9.77348,-13.6305,23.7707
-10.1527,-13.8704,24.6574
-10.5148,-14.0278,25.5974
-10.853,-14.0915,26.5791
-11.1601,-14.0515,27.5876
-11.4288,-13.9005,28.6057
-11.6521,-13.6342,29.6139
-11.8231,-13.2523,30.5914
-11.9361,-12.7584,31.5169
-11.9862,-12.161,32.3698
-11.9702,-11.4725,33.1316
-11.8865,-10.7089,33.7865
-11.7351,-9.88933,34.3227
-11.5183,-9.03421,34.733
-11.2399,-8.16455,35.0145
-10.9053,-7.30058,35.1691
-10.5214,-6.46066,35.2025
-10.0959,-5.66049,35.1239
-9.63716,-4.91262,34.9446
-9.15384,-4.22619,34.6774
-8.65441,-3.60702,34.3357
-8.14697,-3.05787,33.9326
-7.63895,-2.57886,33.4806
-7.13702,-2.168,32.9909
-6.64691,-1.82167,32.4735
-6.17341,-1.53515,31.9367
-5.72039,-1.30303,31.3877
-5.29078,-1.11959,30.832
-4.88673,-0.979072,30.2742
-4.5096,-0.875934,29.7177
-4.16014,-0.804959,29.1652
-3.83855,-0.761374,28.6186
-3.54456,-0.740897,28.0793
-3.27756,-0.739763,27.5482
-3.03666,-0.754712,27.0261
-2.82078,-0.782974,26.5131
-2.62867,-0.822235,26.0098
-2.45904,-0.870597,25.516
-2.31053,-0.92654,25.0319
-2.1818,-0.988879,24.5575
-2.07152,-1.05673,24.0928
-1.97843,-1.12945,23.6376
-1.90134,-1.20665,23.1919
-1.83914,-1.28811,22.7558
-1.79081,-1.3738,22.3291
-1.75545,-1.4638,21.9118
-1.73223,-1.55837,21.504
-1.72046,-1.65782,21.1057
-1.71952,-1.7626,20.7168
-1.72892,-1.87322,20.3376
-1.74826,-1.9903,19.9682
-1.77725,-2.11449,19.6086
-1.81566,-2.24654,19.259
-1.8634,-2.38725,18.9199
-1.92044,-2.53749,18.5913
-1.98685,-2.6982,18.2738
-2.06277,-2.87036,17.9678
-2.14846,-3.05504,17.6737
-2.24421,-3.25335,17.3923
-2.35043,-3.46649,17.1243
-2.46759,-3.6957,16.8706
-2.59625,-3.94228,16.6323
-2.73702,-4.20758,16.4105
-2.8906,-4.49301,16.2067
-3.05777,-4.8,16.0226
-3.23934,-5.12998,15.86
-3.4362,-5.48438,15.7213
-3.64929,-5.86458,15.609
-3.87958,-6.27186,15.526
-4.12808,-6.70736,15.4758
-4.39577,-7.17199,15.4621
-4.68364,-7.66633,15.4894
-4.9926,-8.19053,15.5624
-5.32348,-8.74418,15.6866
-5.67693,-9.32612,15.868
-6.05342,-9.93423,16.113
-6.45309,-10.5653,16.4286
-6.8757,-11.2145,16.8219
-7.32051,-11.8757,17.3003
-7.78616,-12.5405,17.8709
-8.27052,-13.1984,18.5403
-8.77055,-13.8365,19.314
-9.28217,-14.4397,20.1957
-9.8001,-14.9903,21.1868
-10.3178,-15.4685,22.2851
-10.8274,-15.853,23.4845
-11.3196,-16.1219,24.774
-11.7842,-16.254,26.137
-12.2097,-16.2301,27.5509
-12.5842,-16.0348,28.988
-12.8959,-15.6586,30.4156
-13.1331,-15.0992,31.7977
-13.286,-14.3626,33.0973
-13.3461,-13.4639,34.2788
-13.3082,-12.4265,35.3104
-13.1696,-11.2808,36.1667
-12.9313,-10.0622,36.8308
-12.5977,-8.80833,37.2948
-12.1764,-7.55615,37.5603
-11.6775,-6.33955,37.6371
-11.1132,-5.18718,37.5419
-10.4969,-4.12127,37.296
-9.8427,-3.15712,36.9234
-9.16429,-2.30332,36.4487
-8.47466,-1.56252,35.8952
-7.78554,-0.932443,35.2843
-7.10717,-0.407132,34.6346
-6.4481,0.0219195,33.9614
-5.81517,0.364723,33.277
-5.21359,0.631946,32.5906
-4.64706,0.834265,31.9094
-4.1179,0.981898,31.238
-3.62732,1.08431,30.5798
-3.17551,1.15005,29.9366
-2.7619,1.18666,29.3095
-2.38531,1.20067,28.6987
-2.04409,1.19769,28.1042
-1.73625,1.18241,27.5254
-1.4596,1.15874,26.9619
-1.2118,1.12989,26.4129
-0.990465,1.09845,25.8778
-0.793228,1.06649,25.3558
-0.617759,1.03565,24.8464
-0.461817,1.00718,24.349
-0.323269,0.982059,23.863
-0.200104,0.960999,23.388
-0.0904454,0.94453,22.9235
0.00744837,0.933031,22.4692
0.0951835,0.926766,22.0247
0.174234,0.925921,21.5899
0.24595,0.930621,21.1643
0.31156,0.940961,20.7478
0.372186,0.957017,20.3402
0.42885,0.978865,19.9413
0.482485,1.00659,19.5509
0.533943,1.0403,19.1689
0.584008,1.08014,18.7952
0.633402,1.12628,18.4297
0.6828,1.17894,18.0723
0.732834,1.23837,17.7229
0.784103,1.30491,17.3815
0.837184,1.37893,17.0481
0.892637,1.46087,16.7227
0.951013,1.55122,16.4053
1.01286,1.65058,16.096
1.07874,1.75959,15.7949
1.14922,1.87897,15.5022
1.22489,2.00955,15.2181
1.30636,2.15223,14.9428
1.39429,2.308,14.6767
1.48934,2.47798,14.4203
1.59226,2.66336,14.1739
1.70383,2.86546,13.9384
1.82488,3.08572,13.7143
1.95631,3.32568,13.5027
2.09909,3.58701,13.3047
2.25425,3.87149,13.1216
2.42292,4.18102,12.955
2.60628,4.51761,12.8067
2.80562,4.88334,12.679
3.02229,5.28036,12.5745
3.25773,5.71086,12.4963
3.51343,6.17699,12.4481
3.79097,6.6808,12.434
4.09194,7.22416,12.459
4.41795,7.80862,12.5289
4.77059,8.43526,12.6502
5.15136,9.10446,12.8303
5.56163,9.81569,13.0779
6.0025,10.5671,13.4024
6.47473,11.3553,13.814
6.97861,12.1748,14.3241
7.51371,13.0174,14.9443
8.07876,13.8721,15.6864
8.67137,14.724,16.5618
9.28777,15.5543,17.5805
9.92257,16.3399,18.7499
10.5685,17.0534,20.0736
11.216,17.6632,21.5498
11.8536,18.1353,23.1694
12.4674,18.4339,24.9149
13.0413,18.5249,26.7583
13.5581,18.3784,28.6619
13.9992,17.9722,30.578
14.3467,17.2958,32.4514
14.5838,16.3529,34.2227
14.6964,15.163,35.8332
14.6745,13.7614,37.23
14.513,12.197,38.3711
14.2125,10.5276,39.2291
13.7791,8.8153,39.7938
13.2244,7.12041,40.0715
12.5642,5.49645,40.0833
11.8175,3.98652,39.8615
11.005,2.62137,39.4447
10.1477,1.41913,38.8744
9.2658,0.386483,38.1906
8.37765,-0.479332,37.4297
7.49932,-1.18808,36.6225
6.64415,-1.75417,35.7939
5.82272,-2.19457,34.963
5.0429,-2.52712,34.1436
4.31015,-2.76936,33.3448
3.62778,-2.93771,32.5724
2.99729,-3.04702,31.8294
2.41871,-3.11038,31.1167
1.89093,-3.13904,30.434
1.41193,-3.14255,29.7801
0.979066,-3.12886,29.1534
0.58926,-3.10453,28.5521
0.239161,-3.07487,27.9741
-0.0747192,-3.04418,27.4178
-0.3559,-3.01586,26.8815
-0.607855,-2.99261,26.3636
-0.833952,-2.97652,25.8629
-1.03741,-2.9692,25.3784
-1.22129,-2.97189,24.9091
-1.38845,-2.98553,24.4544
-1.54157,-3.01084,24.0137
-1.6831,-3.04838,23.5866
-1.81535,-3.09857,23.1728
-1.94042,-3.16178,22.7721
-2.06024,-3.23832,22.3846
-2.1766,-3.3285,22.0102
-2.29115,-3.43261,21.6491
-2.40538,-3.55097,21.3016
-2.52071,-3.68395,20.968
-2.63845,-3.83194,20.6488
-2.75981,-3.99538,20.3445
-2.88594,-4.17476,20.0558
-3.01792,-4.3706,19.7835
-3.15681,-4.58348,19.5286
-3.30358,-4.81399,19.2922
-3.4592,-5.06275,19.0754
-3.62459,-5.33037,18.8799
-3.80065,-5.61747,18.7072
-3.98824,-5.92457,18.5593
-4.18819,-6.25215,18.4382
-4.40129,-6.60055,18.3463
-4.62828,-6.96993,18.2863
-4.86983,-7.36024,18.2611
-5.12654,-7.77108,18.2738
-5.39888,-8.20172,18.3281
-5.68719,-8.6509,18.4276
-5.99164,-9.11678,18.5763
-6.31216,-9.59685,18.7784
-6.64841,-10.0877,19.0381
-6.99974,-10.5851,19.3596
-7.36506,-11.0837,19.7469
-7.74286,-11.5768,20.2035
-8.13106,-12.0567,20.7323
-8.52698,-12.5143,21.3353
-8.92729,-12.9393,22.013
-9.32792,-13.3205,22.7643
-9.72408,-13.6455,23.586
-10.1102,-13.9018,24.4724
-10.4802,-14.0767,25.4148
-10.8272,-14.1583,26.402
-11.144,-14.1364,27.4193
-11.4232,-14.0028,28.4497
-11.6575,-13.7526,29.4737
-11.84,-13.3845,30.47
-11.9645,-12.9018,31.4171
-12.026,-12.3121,32.2937
-12.0208,-11.6275,33.0806
-11.947,-10.864,33.761
-11.8045,-10.0404,34.3224
-11.5951,-9.17764,34.7566
-11.3225,-8.29712,35.0601
-10.9921,-7.41965,35.2342
-10.6105,-6.56431,35.2844
-10.1856,-5.74753,35.2193
-9.72577,-4.98254,35.0505
-9.23984,-4.27911,34.791
-8.73647,-3.64357,34.4542
-8.22394,-3.07906,34.0539
-7.70993,-2.58598,33.6026
-7.20129,-2.16249,33.1122
-6.70399,-1.80503,32.5928
-6.223,-1.50886,32.0531
-5.76234,-1.26849,31.5006
-5.32511,-1.07808,30.9411
-4.91355,-0.931754,30.3792
-4.52913,-0.823792,29.8185
-4.17265,-0.748833,29.2618
-3.84436,-0.701954,28.7111
-3.54403,-0.678735,28.1677
-3.27105,-0.67528,27.6327
-3.02454,-0.688216,27.1068
-2.80339,-0.71467,26.5902
-2.60636,-0.752239,26.0833
-2.43211,-0.798948,25.5861
-2.27926,-0.853208,25.0987
-2.14644,-0.913779,24.621
-2.03229,-0.979721,24.1531
-1.93551,-1.05036,23.6947
-1.85486,-1.12526,23.2459
-1.78922,-1.20417,22.8066
-1.73752,-1.28702,22.3767
-1.69882,-1.37389,21.9562
-1.67227,-1.46497,21.5452
-1.65713,-1.56059,21.1434
-1.65277,-1.66116,20.7512
-1.65865,-1.76716,20.3683
-1.67435,-1.87918,19.9951
-1.69952,-1.99787,19.6315
-1.73395,-2.12392,19.2778
-1.77749,-2.25814,18.9341
-1.83008,-2.40134,18.6008
-1.89177,-2.55445,18.2781
-1.96267,-2.71842,17.9665
-2.043,-2.89428,17.6663
-2.13304,-3.08314,17.3783
-2.23315,-3.28615,17.103
-2.3438,-3.50453,16.8412
-2.46549,-3.73958,16.5939
-2.59883,-3.99263,16.3622
-2.74448,-4.26509,16.1474
-2.90321,-4.5584,15.951
-3.0758,-4.87403,15.7747
-3.26315,-5.21346,15.6206
-3.46619,-5.57816,15.491
-3.68588,-5.96952,15.3886
-3.92326,-6.38886,15.3166
-4.17935,-6.83729,15.2785
-4.45519,-7.31571,15.2784
-4.75178,-7.82463,15.3208
-5.07005,-8.36411,15.411
-5.41084,-8.93357,15.5545
-5.77478,-9.53163,15.7578
-6.1623,-10.1559,16.0274
-6.57346,-10.8026,16.3708
-7.00793,-11.4667,16.7953
-7.46481,-12.141,17.3086
-7.94253,-12.8166,17.9179
-8.43868,-13.482,18.6299
-8.9499,-14.1234,19.4497
-9.47167,-14.7242,20.3806
-9.99826,-15.2656,21.4233
-10.5225,-15.7267,22.5745
-11.036,-16.0853,23.8266
-11.5289,-16.3187,25.1665
-11.9901,-16.4054,26.5754
-12.4079,-16.3266,28.0283
-12.7698,-16.0681,29.4948
-13.0636,-15.6222,30.9399
-13.2779,-14.9891,32.326
-13.4028,-14.1782,33.6148
-13.4309,-13.2081,34.7707
-13.3573,-12.1056,35.7628
-13.1807,-10.9043,36.5678
-12.9033,-9.64193,37.1714
-12.5308,-8.35753,37.5693
-12.072,-7.08847,37.7663
-11.5383,-5.86795,37.7757
-10.9426,-4.72318,37.6167
-10.2992,-3.67438,37.3129
-9.62239,-2.73455,36.8896
-8.92611,-1.90996,36.3718
-8.22324,-1.20111,35.7831
-7.52525,-0.603885,35.1445
-6.84195,-0.11084,34.4736
-6.18142,0.28763,33.785
-5.54997,0.60229,33.0899
-4.95226,0.844265,32.3969
-4.39149,1.02445,31.7121
-3.8695,1.15309,31.0396
-3.38705,1.23958,30.3819
-2.94398,1.29227,29.7407
-2.5394,1.31849,29.1163
-2.17184,1.32453,28.509
-1.83945,1.31574,27.9183
-1.54005,1.29656,27.3436
-1.27132,1.27069,26.7843
-1.03083,1.24113,26.2397
-0.816114,1.2103,25.7089
-0.624748,1.1801,25.1913
-0.454374,1.15204,24.6863
-0.302731,1.12728,24.1932
-0.167679,1.1067,23.7116
-0.0472088,1.09095,23.2409
0.060553,1.08052,22.7808
0.157339,1.07576,22.3309
0.244747,1.07692,21.8909
0.32424,1.08418,21.4604
0.397161,1.09769,21.0394
0.464735,1.11755,20.6275
0.528081,1.1439,20.2246
0.588225,1.17684,19.8306
0.646104,1.21652,19.4452
0.702585,1.26312,19.0684
0.758468,1.31684,18.7002
0.814501,1.37795,18.3404
0.871385,1.44675,17.989
0.929791,1.52362,17.6461
0.990361,1.60897,17.3115
1.05372,1.70332,16.9855
1.12049,1.80723,16.668
1.19128,1.92135,16.3593
1.26671,2.04641,16.0595
1.34743,2.18321,15.7689
1.43409,2.33267,15.4877
1.52738,2.49579,15.2164
1.62802,2.67365,14.9555
1.73677,2.86747,14.7055
1.85444,3.07854,14.4671
1.98189,3.3083,14.2413
2.12004,3.55827,14.029
2.26987,3.83008,13.8314
2.43244,4.12548,13.6501
2.60886,4.4463,13.4868
2.80034,4.79447,13.3434
3.00812,5.17195,13.2224
3.23356,5.58075,13.1267
3.47804,6.02287,13.0594
3.74301,6.50019,13.0246
4.02997,7.01447,13.0267
4.34041,7.56717,13.0708
4.67581,8.15937,13.1629
5.03758,8.79154,13.3097
5.427,9.46334,13.5189
5.84516,10.1734,13.7991
6.29284,10.9188,14.1595
6.77039,11.695,14.6104
7.27759,12.4953,15.1623
7.81346,13.31,15.8262
8.37608,14.1267,16.6126
8.96232,14.9291,17.5312
9.56766,15.6973,18.5895
10.1859,16.4073,19.7922
10.8089,17.0314,21.1394
11.4267,17.5391,22.6254
12.027,17.898,24.2369
12.5959,18.0759,25.9523
13.1176,18.0433,27.7406
13.5753,17.7765,29.5616
13.9522,17.2606,31.3675
14.2318,16.4928,33.1051
14.4,15.4837,34.7196
14.4455,14.2586,36.1592
14.3611,12.8561,37.3796
14.1446,11.3252,38.3479
13.7991,9.72131,39.0459
13.3325,8.10097,39.4705
12.7576,6.51735,39.6332
12.0903,5.016,39.5576
11.3491,3.63225,39.2755
10.5535,2.39011,38.8236
9.7228,1.30248,38.2394
8.87528,0.372557,37.5586
8.02738,-0.404312,36.813
7.19324,-1.03843,36.0292
6.38449,-1.54373,35.2287
5.61021,-1.93602,34.4276
4.87709,-2.23163,33.6375
4.18964,-2.44642,32.8664
3.55047,-2.59517,32.1191
2.96062,-2.69118,31.3979
2.41984,-2.74617,30.7039
1.92685,-2.77021,30.0366
1.47964,-2.77185,29.3952
1.07562,-2.75822,28.7783
0.711843,-2.7352,28.1842
0.38513,-2.70757,27.6114
0.0922005,-2.6792,27.0584
-0.170244,-2.65316,26.5237
-0.40545,-2.63188,26.0061
-0.616555,-2.61725,25.5045
-0.806561,-2.61073,25.0179
-0.978306,-2.61347,24.5457
-1.13445,-2.6263,24.087
-1.27747,-2.64991,23.6416
-1.40967,-2.68481,23.209
-1.53318,-2.73142,22.7889
-1.64995,-2.79009,22.3811
-1.76178,-2.86114,21.9857
-1.87035,-2.94489,21.6025
-1.97718,-3.04167,21.2318
-2.0837,-3.15182,20.8736
-2.19123,-3.27575,20.5283
-2.30101,-3.41391,20.1962
-2.41419,-3.56679,19.8777
-2.53188,-3.73494,19.5735
-2.65515,-3.919,19.2842
-2.78499,-4.11963,19.0105
-2.9224,-4.33757,18.7536
-3.06834,-4.57358,18.5143
-3.22376,-4.82848,18.2941
-3.38959,-5.10308,18.0944
-3.56676,-5.39821,17.9169
-3.75618,-5.71465,17.7635
-3.95875,-6.05315,17.6364
-4.17535,-6.41431,17.5382
-4.40682,-6.79862,17.4715
-4.65397,-7.20632,17.4396
-4.91752,-7.63738,17.4459
-5.19814,-8.09136,17.4942
-5.49632,-8.56736,17.5888
-5.81243,-9.06386,17.734
-6.14661,-9.5786,17.9347
-6.49873,-10.1084,18.1958
-6.86833,-10.6491,18.5224
-7.25452,-11.1953,18.9194
-7.65594,-11.7402,19.3914
-8.07063,-12.2757,19.9426
-8.49595,-12.7918,20.576
-8.92853,-13.2773,21.2934
-9.36415,-13.7193,22.0948
-9.79772,-14.104,22.9778
-10.2233,-14.4163,23.9372
-10.6339,-14.6413,24.9646
-11.0221,-14.7644,26.0479
-11.3796,-14.7723,27.1715
-11.6978,-14.6544,28.3161
-11.9681,-14.4036,29.4595
-12.1822,-14.017,30.5769
-12.3327,-13.4971,31.6429
-12.4132,-12.8521,32.6321
-12.4192,-12.0955,33.521
-12.348,-11.2458,34.2896
-12.199,-10.3253,34.9224
-11.9742,-9.35887,35.4095
-11.6777,-8.37218,35.747
-11.3155,-7.39012,35.9365
-10.8954,-6.43535,35.985
-10.4266,-5.52721,35.9037
-9.91892,-4.68101,35.7066
-9.38245,-3.90771,35.4095
-8.82726,-3.21404,35.0289
-8.26287,-2.60287,34.581
-7.69802,-2.07381,34.0806
-7.14043,-1.62386,33.5412
-6.59671,-1.24812,32.9744
-6.07233,-0.940395,32.3898
-5.57158,-0.693811,31.7953
-5.09768,-0.501207,31.1971
-4.65287,-0.355512,30.5999
-4.23853,-0.249983,30.0072
-3.85526,-0.178373,29.4215
-3.50306,-0.13503,28.8446
-3.18141,-0.114937,28.2775
-2.8894,-0.113724,27.7209
-2.62583,-0.12764,27.1753
-2.38926,-0.15352,26.6406
-2.17814,-0.188734,26.117
-1.99083,-0.231134,25.6041
-1.82565,-0.278998,25.1019
-1.68095,-0.330978,24.6102
-1.55513,-0.386048,24.1286
-1.44664,-0.44346,23.6569
-1.35402,-0.502699,23.1951
-1.27594,-0.563451,22.7427
-1.21113,-0.625565,22.2997
-1.15847,-0.689034,21.8658
-1.11692,-0.753962,21.4409
-1.08559,-0.820556,21.025
-1.06367,-0.889099,20.6177
-1.05046,-0.959948,20.2191
-1.04538,-1.03352,19.8291
-1.04794,-1.11028,19.4476
-1.05773,-1.19074,19.0745
-1.07445,-1.27547,18.7098
-1.09788,-1.36508,18.3535
-1.12786,-1.46021,18.0056
-1.16434,-1.56156,17.6662
-1.20732,-1.66988,17.3354
-1.25689,-1.78595,17.0132
-1.31319,-1.91063,16.6998
-1.37646,-2.04484,16.3954
-1.44698,-2.18954,16.1004
-1.5251,-2.34578,15.8149
-1.61127,-2.51468,15.5395
-1.70596,-2.69744,15.2745
-1.80976,-2.89536,15.0207
-1.92331,-3.1098,14.7788
-2.04731,-3.34224,14.5495
-2.18257,-3.59424,14.334
-2.32995,-3.86746,14.1335
-2.4904,-4.16365,13.9494
-2.66496,-4.48464,13.7835
-2.85472,-4.83233,13.6379
-3.06089,-5.20865,13.5148
-3.28471,-5.61555,13.4171
-3.52751,-6.05497,13.3482
-3.79066,-6.52873,13.3118
-4.07559,-7.03847,13.3123
-4.38371,-7.58558,13.3548
-4.71642,-8.171,13.4452
-5.07505,-8.79509,13.5901
-5.4608,-9.45741,13.7969
-5.87466,-10.1564,14.074
-6.31732,-10.8893,14.4304
-6.78905,-11.6512,14.876
-7.28955,-12.4356,15.4209
-7.81777,-13.2328,16.0756
-8.37173,-14.0307,16.8501
-8.94829,-14.8132,17.7536
-9.54295,-15.561,18.793
-10.1496,-16.2509,19.9725
-10.7603,-16.8561,21.292
-11.3651,-17.3472,22.7453
-11.9524,-17.6931,24.3196
-12.5084,-17.8631,25.9935
-13.0181,-17.8292,27.7371
-13.4652,-17.5687,29.5118
-13.8334,-17.0677,31.2716
-14.1071,-16.3234,32.9655
-14.2725,-15.346,34.5411
-14.3188,-14.1595,35.9487
-14.2391,-12.8006,37.1455
-14.0312,-11.3159,38.0998
-13.6978,-9.75825,38.7933
-13.2466,-8.18174,39.2225
-12.6894,-6.63751,39.3975
-12.0418,-5.16968,39.34
-11.3212,-3.81282,39.08
-10.5464,-2.59081,38.6521
-9.73619,-1.51695,38.0922
-8.90824,-0.59518,37.4348
-8.07859,0.178189,36.7104
-7.26112,0.812445,35.9454
-6.46729,1.32054,35.1608
-5.70616,1.71742,34.3728
-4.98445,2.01868,33.5932
-4.30675,2.23959,32.83
-3.67582,2.39449,32.0883
-3.09285,2.49635,31.371
-2.55776,2.55665,30.6792
-2.06946,2.58533,30.0129
-1.62608,2.59084,29.3714
-1.22519,2.58026,28.7534
-0.864003,2.55946,28.1575
-0.53946,2.53323,27.5824
-0.2484,2.50544,27.0264
0.0123699,2.4792,26.4884
0.246004,2.45696,25.9671
0.45556,2.44063,25.4615
0.643968,2.43171,24.9706
0.814005,2.43134,24.4938
0.968276,2.44042,24.0303
1.10921,2.45961,23.5797
1.23908,2.48944,23.1416
1.35996,2.53035,22.7156
1.47377,2.58268,22.3017
1.5823,2.64676,21.8997
1.68719,2.7229,21.5095
1.78993,2.81143,21.1312
1.89193,2.91269,20.7649
1.9945,3.02708,20.4109
2.09884,3.15504,20.0693
2.20611,3.29706,19.7407
2.31739,3.45371,19.4254
2.43371,3.62562,19.124
2.5561,3.81348,18.8371
2.68551,4.01804,18.5657
2.82292,4.24011,18.3107
2.96926,4.48057,18.0731
3.12549,4.74032,17.8543
3.29254,5.02029,17.6558
3.47135,5.3214,17.4793
3.66287,5.64458,17.3267
3.86801,5.99068,17.2005
4.0877,6.36045,17.1031
4.32285,6.75451,17.0374
4.57431,7.17324,17.0067
4.84289,7.61675,17.0147
5.12931,8.08475,17.0653
5.43416,8.57645,17.163
5.75788,9.09044,17.3125
6.1007,9.62451,17.519
6.46257,10.1756,17.7879
6.8431,10.7393,18.1246
7.24146,11.3103,18.5345
7.65632,11.8814,19.0229
8.08571,12.4441,19.5944
8.52698,12.9881,20.2525
8.97663,13.5013,20.9997
9.4303,13.97,21.8362
9.88264,14.3792,22.7599
10.3273,14.7127,23.7656
10.7571,14.9541,24.8446
11.1639,15.0873,25.9842
11.5388,15.0979,27.1676
11.8726,14.9741,28.3742
12.156,14.7077,29.5797
12.38,14.2957,30.7575
12.5366,13.7409,31.8797
12.6189,13.0522,32.9187
12.6219,12.2445,33.8491
12.5429,11.3384,34.6493
12.3813,10.3585,35.3029
12.1394,9.33218,35.7999
11.8218,8.28744,36.1366
11.4352,7.2513,36.3158
10.9881,6.24809,36.346
10.4906,5.29829,36.24
9.95332,4.41776,36.0137
9.38717,3.61755,35.6849
8.8029,2.90402,35.2715
8.21063,2.27937,34.7909
7.61953,1.74235,34.2592
7.03767,1.28899,33.6904
6.47186,0.913419,33.0967
5.92762,0.608525,32.4877
5.40927,0.366588,31.8716
4.91995,0.17973,31.2543
4.46177,0.0402753,30.6404
4.03591,-0.0590106,30.0332
3.64281,-0.12476,29.4349
3.28223,-0.162923,28.8471
2.95346,-0.178734,28.2706
2.65536,-0.176725,27.7058
2.38653,-0.160755,27.1529
2.14534,-0.134061,26.612
1.93006,-0.0993217,26.0826
1.73886,-0.0587112,25.5647
1.56994,-0.0139677,25.0579
1.42149,0.0335509,24.5619
1.29178,0.0828111,24.0763
1.17916,0.133055,23.6008
1.08206,0.183754,23.1353
0.999033,0.234574,22.6793
0.928742,0.285337,22.2327
0.869965,0.335997,21.7952
0.8216,0.38661,21.3667
0.782657,0.437323,20.9469
0.752259,0.488349,20.5356
0.729636,0.539958,20.1327
0.714117,0.592467,19.7381
0.70513,0.646231,19.3516
0.702191,0.701641,18.9731
0.704901,0.759114,18.6025
0.71294,0.819098,18.2397
0.726063,0.882065,17.8846
0.744093,0.948516,17.5371
0.766921,1.01898,17.1972
0.7945,1.09403,16.8648
0.826841,1.17425,16.54
0.864013,1.26027,16.2227
0.906144,1.35279,15.9129
0.953412,1.45252,15.6107
1.00605,1.56025,15.3162
1.06436,1.67682,15.0295
1.12867,1.80313,14.7508
1.19939,1.94018,14.4802
1.27699,2.08901,14.2182
1.36198,2.25078,13.965
1.45496,2.42673,13.7211
1.55657,2.61822,13.487
1.66754,2.82668,13.2633
1.78868,3.0537,13.051
1.92085,3.30097,12.8509
2.06503,3.57029,12.6642
2.22227,3.86361,12.4923
2.3937,4.18297,12.3368
2.58055,4.53055,12.1998
2.78415,4.90859,12.0835
3.00592,5.31944,11.9908
3.24737,5.76544,11.9249
3.51008,6.24893,11.8896
3.7957,6.77215,11.8896
4.10594,7.33713,11.93
4.44251,7.94555,12.0171
4.8071,8.59858,12.1578
5.20132,9.29666,12.3603
5.62662,10.0392,12.6338
6.08418,10.8241,12.9883
6.5748,11.6478,13.4353
7.09874,12.5039,13.9867
7.65553,13.3837,14.6553
8.24371,14.2747,15.4539
8.8606,15.1606,16.3945
9.50202,16.0204,17.4879
10.1619,16.8285,18.7415
10.8323,17.5546,20.1585
11.5025,18.1641,21.736
12.1599,18.6196,23.4625
12.789,18.8826,25.3168
13.3725,18.9168,27.2669
13.8913,18.6914,29.2691
14.3259,18.1853,31.2697
14.657,17.3909,33.2074
14.8674,16.3169,35.0178
14.9429,14.9896,36.6387
14.8745,13.4523,38.016
14.6583,11.7616,39.1091
14.297,9.98273,39.8951
13.7993,8.18283,40.3695
13.1792,6.42509,40.5459
12.4552,4.76347,40.4527
11.6483,3.2393,40.1285
10.7809,1.87996,39.6173
9.87534,0.699331,38.9638
8.95235,-0.300433,38.2101
8.03055,-1.12633,37.3928
7.12576,-1.79178,36.5425
6.25081,-2.31412,35.6826
5.41558,-2.71244,34.8307
4.62714,-3.00605,33.9988
3.8901,-3.21337,33.1945
3.20696,-3.35124,32.4219
2.57845,-3.43462,31.6829
2.00392,-3.47646,30.9773
1.48165,-3.48777,30.3039
1.00909,-3.47776,29.6611
0.583177,-3.45402,29.0466
0.200462,-3.42274,28.4582
-0.142696,-3.38888,27.8938
-0.450017,-3.35643,27.3515
-0.725202,-3.32851,26.8294
-0.971861,-3.30755,26.3261
-1.19347,-3.29544,25.8403
-1.39332,-3.29361,25.3709
-1.57453,-3.30315,24.917
-1.73998,-3.32487,24.478
-1.89237,-3.35939,24.0534
-2.03418,-3.40719,23.6429
-2.1677,-3.46862,23.2463
-2.29503,-3.544,22.8634
-2.41811,-3.6336,22.4944
-2.53869,-3.73768,22.1395
-2.65842,-3.8565,21.7988
-2.77879,-3.99036,21.4727
-2.90118,-4.13956,21.1618
-3.02688,-4.30446,20.8666
-3.15708,-4.48544,20.588
-3.29291,-4.6829,20.3267
-3.43542,-4.89728,20.0837
-3.58561,-5.12903,19.8602
-3.74441,-5.37857,19.6576
-3.91273,-5.64634,19.4772
-4.09141,-5.9327,19.3209
-4.28125,-6.23796,19.1905
-4.48299,-6.56229,19.0882
-4.69732,-6.90573,19.0162
-4.92486,-7.26807,18.9772
-5.16612,-7.64888,18.974
-5.42153,-8.04736,19.0096
-5.69136,-8.46229,19.0873
-5.97572,-8.89196,19.2105
-6.27454,-9.33404,19.3828
-6.58747,-9.78553,19.6077
-6.91389,-10.2426,19.8889
-7.25282,-10.7005,20.2296
-7.6029,-11.1537,20.6328
-7.96228,-11.5953,21.1009
-8.32863,-12.0177,21.6356
-8.69902,-12.412,22.2373
-9.06995,-12.7687,22.905
-9.43728,-13.0773,23.6361
-9.79627,-13.3272,24.4259
-10.1416,-13.5075,25.2675
-10.4674,-13.608,26.1514
-10.7676,-13.6195,27.0659
-11.0357,-13.5347,27.9967
-11.2653,-13.3484,28.9276
-11.4503,-13.0586,29.8409
-11.5852,-12.6667,30.7182
-11.6652,-12.1777,31.5411
-11.6867,-11.6005,32.2922
-11.6474,-10.947,32.9561
-11.5466,-10.2324,33.5204
-11.3851,-9.47346,33.9759
-11.1654,-8.68827,34.3174
-10.8913,-7.89491,34.5435
-10.568,-7.11051,34.6567
-10.202,-6.35051,34.6625
-9.80019,-5.62801,34.5691
-9.37011,-4.95338,34.3864
-8.91939,-4.33416,34.1257
-8.45551,-3.7751,33.7984
-7.98559,-3.27844,33.4159
-7.51615,-2.84425,32.9888
-7.05302,-2.47081,32.5269
-6.60125,-2.15506,32.0389
-6.16506,-1.89301,31.5322
-5.74785,-1.68008,31.0129
-5.35226,-1.51141,30.4863
-4.9802,-1.38209,29.9565
-4.63296,-1.28734,29.4267
-4.31123,-1.2227,28.8995
-4.01526,-1.18403,28.3767
-3.74487,-1.1676,27.8599
-3.4996,-1.17015,27.3501
-3.27871,-1.18881,26.848
-3.08129,-1.22117,26.3542
-2.90632,-1.2652,25.8692
-2.75269,-1.31923,25.3931
-2.61925,-1.38195,24.9261
-2.50485,-1.45232,24.4685
-2.40838,-1.52961,24.0202
-2.32875,-1.61329,23.5814
-2.26496,-1.70307,23.1521
-2.21607,-1.79883,22.7325
-2.18124,-1.9006,22.3226
-2.15971,-2.00857,21.9225
-2.15081,-2.12306,21.5325
-2.15399,-2.24448,21.1526
-2.16877,-2.37334,20.7831
-2.1948,-2.51026,20.4243
-2.23179,-2.65592,20.0765
-2.27958,-2.81108,19.7399
-2.33808,-2.97658,19.4152
-2.4073,-3.1533,19.1027
-2.48732,-3.34221,18.8031
-2.57835,-3.54431,18.5171
-2.68062,-3.76069,18.2455
-2.79449,-3.99244,17.9892
-2.92036,-4.24073,17.7495
-3.05873,-4.50673,17.5274
-3.21016,-4.79165,17.3246
-3.37525,-5.09669,17.1427
-3.55468,-5.42303,16.9836
-3.74916,-5.77179,16.8497
-3.95946,-6.144,16.7433
-4.18633,-6.54058,16.6675
-4.43056,-6.96222,16.6254
-4.69291,-7.40935,16.6207
-4.97408,-7.88203,16.6574
-5.27469,-8.37986,16.7401
-5.59525,-8.90183,16.8735
-5.93608,-9.4462,17.0631
-6.29725,-10.0103,17.3144
-6.67855,-10.5903,17.6333
-7.07933,-11.1813,18.0256
-7.49847,-11.7765,18.4972
-7.93425,-12.3678,19.0535
-8.38424,-12.9451,19.699
-8.8452,-13.4966,20.4371
-9.31296,-14.0082,21.2693
-9.78235,-14.4646,22.1947
-10.2472,-14.8489,23.2096
-10.7001,-15.1435,24.3064
-11.1329,-15.3307,25.4735
-11.5365,-15.3942,26.6949
-11.9012,-15.3198,27.9501
-12.2169,-15.097,29.2145
-12.474,-14.7202,30.4606
-12.6633,-14.1899,31.6584
-12.7769,-13.5134,32.7782
-12.8089,-12.7044,33.7915
-12.7552,-11.7833,34.6736
-12.6145,-10.7754,35.405
-12.3883,-9.70959,35.9728
-12.0806,-8.61599,36.3711
-11.6979,-7.5243,36.6013
-11.249,-6.46165,36.671
-10.7441,-5.45123,36.5932
-10.1943,-4.51133,36.3846
-9.61138,-3.65494,36.0641
-9.0068,-2.88986,35.6511
-8.3915,-2.21922,35.1648
-7.77549,-1.64216,34.6226
-7.16756,-1.15477,34.0401
-6.5752,-0.750883,33.4305
-6.00451,-0.422927,32.8048
-5.46025,-0.162571,32.1716
-4.94594,0.0387256,31.5376
-4.46393,0.189311,30.9077
-4.01559,0.29706,30.2854
-3.60144,0.369201,29.6731
-3.2213,0.412216,29.0722
-2.87441,0.431809,28.4838
-2.5596,0.432913,27.9081
-2.27537,0.419732,27.3453
-2.01998,0.395795,26.7951
-1.79157,0.364019,26.2574
-1.58821,0.326784,25.7317
-1.40792,0.285996,25.2176
-1.24879,0.243155,24.7148
-1.10892,0.199416,24.2228
-0.986538,0.15564,23.7413
-0.879942,0.112447,23.27
-0.787554,0.0702589,22.8085
-0.707913,0.029332,22.3564
-0.639679,-0.0102072,21.9137
-0.581632,-0.0483369,21.4799
-0.532672,-0.0851175,21.055
-0.491811,-0.120673,20.6386
-0.45817,-0.155177,20.2306
-0.43097,-0.188839,19.8307
-0.409531,-0.221897,19.4389
-0.39326,-0.254611,19.0549
-0.381644,-0.287253,18.6787
-0.374249,-0.320111,18.3099
-0.370706,-0.353481,17.9486
-0.370713,-0.387666,17.5946
-0.374024,-0.422982,17.2477
-0.380449,-0.459748,16.9078
-0.389845,-0.4983,16.5748
-0.402115,-0.538981,16.2486
-0.417207,-0.582151,15.9292
-0.435106,-0.628187,15.6163
-0.455837,-0.677488,15.31
-0.479462,-0.730474,15.0101
-0.506078,-0.787597,14.7165
-0.535816,-0.849338,14.4294
-0.568844,-0.916217,14.1485
-0.605364,-0.988796,13.8738
-0.645616,-1.06768,13.6055
-0.689876,-1.15354,13.3434
-0.738461,-1.24709,13.0877
-0.791728,-1.34911,12.8384
-0.85008,-1.46048,12.5956
-0.913967,-1.58213,12.3594
-0.983889,-1.7151,12.1302
-1.0604,-1.86051,11.9081
-1.14413,-2.0196,11.6934
-1.23574,-2.19372,11.4867
-1.33599,-2.38436,11.2884
-1.4457,-2.59313,11.0991
-1.56579,-2.82178,10.9197
-1.69725,-3.07224,10.751
-1.84117,-3.34657,10.5943
-1.99874,-3.64702,10.451
-2.17127,-3.97598,10.3227
-2.36017,-4.33602,10.2115
-2.56697,-4.72987,10.1198
-2.79332,-5.16035,10.0506
-3.04099,-5.63042,10.0074
-3.31185,-6.14304,9.99426
-3.6079,-6.70117,10.0163
-3.93121,-7.30758,10.0793
-4.28389,-7.96478,10.1902
-4.66809,-8.67475,10.357
-5.0859,-9.43872,10.5891
-5.53928,-10.2568,10.8973
-6.02992,-11.1275,11.2938
-6.55915,-12.0474,11.7923
-7.12769,-13.0101,12.4078
-7.73544,-14.006,13.1561
-8.38118,-15.021,14.0538
-9.06223,-16.036,15.117
-9.77407,-17.0259,16.36
-10.5099,-17.9593,17.7938
-11.2603,-18.7984,19.4239
-12.0129,-19.4993,21.2479
-12.7519,-20.0142,23.2523
-13.4585,-20.2935,25.4108
-14.1112,-20.2905,27.6819
-14.6862,-19.9664,30.0086
-15.1591,-19.2956,32.3207
-15.506,-18.272,34.5382
-15.7059,-16.9122,36.5783
-15.7428,-15.2567,38.3633
-15.6067,-13.3681,39.8291
-15.2957,-11.3253,40.9323
-14.816,-9.21482,41.6546
-14.1813,-7.12232,42.0031
-13.4119,-5.12379,42.0077
-12.5325,-3.27957,41.7148
-11.5706,-1.6312,41.1808
-10.5538,-0.201301,40.4646
-9.50854,1.00433,39.6225
-8.45861,1.99317,38.7038
-7.42433,2.782,37.7491
-6.42219,3.39318,36.7896
-5.46485,3.85154,35.8478
-4.56137,4.18208,34.9386
-3.71764,4.40843,34.0708
-2.93682,4.55199,33.2488
-2.21988,4.63147,32.4734
-1.56604,4.66285,31.7435
-0.973217,4.65951,31.0566
-0.438351,4.63246,30.4094
0.0422642,4.59065,29.7985
0.472746,4.54126,29.2202
0.85743,4.48997,28.6716
1.20072,4.44125,28.1495
1.50697,4.39856,27.6514
1.78042,4.36455,27.1753
2.02511,4.3412,26.7193
2.24487,4.33001,26.2819
2.44329,4.33204,25.8621
2.62369,4.34805,25.4589
2.78914,4.37856,25.0717
2.94247,4.42392,24.7002
3.08625,4.48433,24.344
3.22283,4.55992,24.0032
3.35435,4.65076,23.6779
3.48273,4.75687,23.3682
3.60973,4.87825,23.0746
3.73693,5.01489,22.7976
3.86577,5.16676,22.5378
3.99754,5.33386,22.2958
4.1334,5.51612,22.0727
4.27442,5.71351,21.8693
4.42152,5.92592,21.6867
4.57556,6.15322,21.5263
4.73728,6.39519,21.3892
4.90734,6.65154,21.2771
5.08629,6.92182,21.1915
5.27458,7.20547,21.1342
5.47257,7.50171,21.1069
5.68047,7.80952,21.1116
5.89838,8.12762,21.1504
6.12627,8.45441,21.2251
6.36391,8.7879,21.3379
6.6109,9.12572,21.4907
6.86663,9.465,21.6855
7.13025,9.80241,21.9237
7.40065,10.1341,22.2068
7.67642,10.4557,22.5356
7.95587,10.7622,22.9106
8.23695,11.0484,23.3314
8.5173,11.3084,23.7969
8.7942,11.5361,24.305
9.06462,11.7255,24.8525
9.32521,11.8702,25.435
9.57239,11.9646,26.0468
9.80236,12.0032,26.6812
10.0113,11.9818,27.3299
10.1952,11.8969,27.9838
10.3504,11.7468,28.6329
10.4733,11.5312,29.2666
10.561,11.2517,29.874
10.6107,10.9118,30.4447
10.6207,10.5167,30.9687
10.5897,10.0734,31.4371
10.5175,9.59024,31.8425
10.4046,9.07659,32.1791
10.2525,8.54247,32.4431
10.0635,7.99806,32.6327
9.84053,7.45331,32.7479
9.58734,6.91751,32.7906
9.30802,6.39897,32.7641
9.00706,5.9048,32.673
8.68914,5.44077,32.5228
8.35895,5.01122,32.3197
8.0211,4.61916,32.0699
7.67998,4.26631,31.78
7.33967,3.95326,31.456
7.00386,3.67966,31.1039
6.67585,3.4444,30.729
6.35844,3.24576,30.3362
6.05403,3.08163,29.9297
5.76454,2.94966,29.5133
5.49149,2.84733,29.0902
5.23602,2.77214,28.6632
4.99892,2.72164,28.2347
4.78068,2.6935,27.8066
4.58152,2.68558,27.3805
4.40147,2.69594,26.9579
4.24034,2.72286,26.5399
4.09785,2.76485,26.1275
3.97359,2.82065,25.7216
3.86709,2.8892,25.323
3.77784,2.96966,24.9324
3.70528,3.0614,24.5503
3.64888,3.16395,24.1774
3.60812,3.27701,23.8143
3.5825,3.40043,23.4615
3.57156,3.5342,23.1197
3.5749,3.6784,22.7894
3.59215,3.83326,22.4713
3.62303,3.99905,22.1662
3.66729,4.17613,21.8747
3.72475,4.36493,21.5978
3.7953,4.56593,21.3363
3.87886,4.7796,21.0913
3.97545,5.00646,20.8638
4.08509,5.24702,20.6552
4.20787,5.50176,20.4668
4.34391,5.7711,20.3001
4.49336,6.05539,20.1568
4.65637,6.3549,20.0386
4.83312,6.66973,19.9477
5.02374,6.9998,19.8862
5.22836,7.34482,19.8564
5.44704,7.70421,19.8608
5.67978,8.07706,19.9022
5.92644,8.46204,19.9832
6.18678,8.85736,20.1068
6.46038,9.26068,20.2759
6.74659,9.66907,20.4933
7.04453,10.0789,20.7617
7.35301,10.4857,21.0836
7.6705,10.8844,21.4609
7.99509,11.2691,21.8953
8.32444,11.6328,22.3871
8.65576,11.9683,22.9362
8.98577,12.2673,23.5408
9.31074,12.5214,24.1979
9.62644,12.722,24.9027
9.92824,12.8606,25.6486
10.2112,12.9292,26.4273
10.4701,12.9211,27.2282
10.6996,12.8309,28.0396
10.8946,12.6553,28.8477
11.0502,12.3932,29.6382
11.1619,12.0464,30.3961
11.226,11.6194,31.1067
11.2398,11.1194,31.7562
11.2015,10.5562,32.3323
11.1108,9.94194,32.8249
10.9682,9.28991,33.2266
10.776,8.61445,33.5327
10.5372,7.92996,33.7418
10.2561,7.25024,33.8551
9.93784,6.58789,33.8764
9.58812,5.95383,33.8117
9.21307,5.35698,33.6684
8.81901,4.80413,33.455
8.41215,4.29995,33.1806
7.99851,3.84711,32.8542
7.58366,3.44651,32.4847
7.17267,3.09756,32.0802
6.77002,2.79848,31.6482
6.37953,2.54662,31.1952
6.00439,2.33871,30.727
5.64714,2.17111,30.2485
5.30974,2.04007,29.7635
4.99359,1.94179,29.2756
4.69961,1.87266,28.7873
4.4283,1.82925,28.3007
4.17979,1.80845,27.8177
3.95394,1.80744,27.3396
3.75033,1.82375,26.8674
3.5684,1.85526,26.4019
3.40745,1.90015,25.9439
3.26667,1.95693,25.4938
3.14521,2.02439,25.0521
3.04221,2.1016,24.6192
2.95681,2.18787,24.1954
2.88815,2.28271,23.7809
2.83546,2.38586,23.3761
2.798,2.49721,22.9812
2.77509,2.61681,22.5967
2.76616,2.74485,22.2227
2.77068,2.88165,21.8597
2.78822,3.02763,21.5082
2.81846,3.1833,21.1684
2.86112,3.34927,20.841
2.91604,3.5262,20.5266
2.98314,3.71485,20.2259
3.0624,3.91601,19.9395
3.1539,4.13051,19.6685
3.25778,4.35923,19.4137
3.37427,4.60307,19.1763
3.50365,4.86294,18.9577
3.64625,5.13973,18.7593
3.80248,5.4343,18.5828
3.97277,5.74747,18.4299
4.15758,6.07997,18.303
4.35741,6.43237,18.2042
4.57274,6.80511,18.1363
4.80403,7.19837,18.1021
5.05174,7.61204,18.105
5.3162,8.04564,18.1482
5.59769,8.4982,18.2358
5.89631,8.9682,18.3716
6.212,9.45341,18.5599
6.54444,9.9508,18.8052
6.89301,10.4564,19.1116
7.25672,10.9652,19.4836
7.63414,11.4708,19.9249
8.02332,11.9659,20.439
8.42171,12.4416,21.0281
8.82612,12.8878,21.6936
9.23262,13.2932,22.4349
9.63654,13.6453,23.2496
10.0324,13.9314,24.1327
10.4142,14.1384,25.0765
10.7749,14.2535,26.0703
11.1074,14.2656,27.1002
11.404,14.1655,28.1493
11.6572,13.9468,29.1982
11.8596,13.607,30.2256
12.0046,13.1481,31.2092
12.0866,12.5765,32.1268
12.1014,11.9035,32.9577
12.0465,11.1443,33.684
11.9211,10.3179,34.2913
11.7266,9.44528,34.7699
11.4662,8.54863,35.115
11.145,7.64976,35.3266
10.7696,6.76893,35.4093
10.3477,5.9239,35.3715
9.8878,5.12916,35.2245
9.39895,4.39566,34.9814
8.8901,3.73074,34.6563
8.36988,3.13834,34.2631
7.84635,2.61942,33.8154
7.32676,2.17251,33.3255
6.81745,1.79422,32.8041
6.32373,1.47984,32.2608
5.84995,1.22378,31.7032
5.39946,1.02005,31.1377
4.97474,0.862517,30.5693
4.57744,0.745223,30.0019
4.20851,0.662534,29.4383
3.86827,0.609265,28.8807
3.55658,0.580746,28.3306
3.27286,0.572848,27.7891
3.01624,0.58199,27.2567
2.78561,0.605111,26.734
2.5797,0.639641,26.2211
2.39713,0.683461,25.7182
2.23648,0.73486,25.2252
2.09633,0.792487,24.742
1.97525,0.855311,24.2687
1.8719,0.922579,23.805
1.78497,0.993777,23.351
1.71327,1.0686,22.9064
1.65569,1.14692,22.4713
1.6112,1.22877,22.0455
1.57892,1.3143,21.6291
1.55803,1.40377,21.2219
1.54785,1.49757,20.8239
1.54779,1.59614,20.4353
1.55738,1.70001,20.056
1.57621,1.80978,19.686
1.60401,1.92614,19.3256
1.64059,2.04979,18.9749
1.68583,2.18154,18.6339
1.73974,2.32225,18.3031
1.80237,2.47281,17.9827
1.87389,2.63422,17.6731
1.95453,2.80752,17.3747
2.04461,2.9938,17.0881
2.14451,3.19426,16.8138
2.25473,3.41012,16.5528
2.37579,3.64271,16.3058
2.50833,3.8934,16.074
2.65305,4.16362,15.8586
2.81071,4.45486,15.6611
2.98217,4.76865,15.4832
3.16832,5.10654,15.3269
3.37015,5.47008,15.1946
3.58866,5.86076,15.0888
3.82493,6.27999,15.0128
4.08004,6.72905,14.97
4.35509,7.20897,14.9645
4.65116,7.72045,15.0009
4.96928,8.26377,15.0845
5.31035,8.83856,15.2209
5.67514,9.4437,15.4166
6.06419,10.077,15.6785
6.47772,10.7352,16.0142
6.91554,11.4132,16.4314
7.37691,12.1044,16.9382
7.86044,12.7998,17.5423
8.3639,13.4883,18.251
8.88406,14.1558,19.0703
9.41658,14.7858,20.0044
9.95579,15.3591,21.0547
10.4946,15.854,22.219
11.0246,16.2474,23.4904
11.5357,16.5155,24.8567
12.0166,16.6349,26.2992
12.4551,16.5852,27.7932
12.8383,16.3503,29.3076
13.1533,15.9206,30.8064
13.3879,15.2948,32.2501
13.5314,14.4811,33.5984
13.5755,13.4977,34.813
13.5146,12.3719,35.8606
13.3469,11.1382,36.7155
13.0741,9.83629,37.3615
12.7017,8.50735,37.7928
12.2387,7.19116,38.014
11.6965,5.92329,38.0382
11.0888,4.73302,37.8857
10.4304,3.64219,37.5812
9.73617,2.66493,37.1513
9.02084,1.8081,36.6228
8.29792,1.07238,36.0205
7.57948,0.453468,35.3668
6.87586,-0.0565028,34.6803
6.19553,-0.467717,33.9763
5.54512,-0.791586,33.2667
4.92954,-1.03989,32.5603
4.3521,-1.22414,31.8635
3.81473,-1.35515,31.1803
3.3182,-1.44279,30.5135
2.86233,-1.49584,29.8643
2.44614,-1.52197,29.2333
2.06811,-1.52776,28.6204
1.72625,-1.51877,28.0251
1.41831,-1.49966,27.4467
1.14182,-1.47424,26.8844
0.894241,-1.44563,26.3374
0.672994,-1.41633,25.8048
0.47554,-1.38834,25.2859
0.299412,-1.36321,24.78
0.142249,-1.34214,24.2863
0.00181107,-1.32606,23.8045
-0.124002,-1.31567,23.334
-0.23715,-1.31147,22.8743
-0.339447,-1.31386,22.4251
-0.432567,-1.32313,21.9861
-0.51805,-1.33949,21.557
-0.597306,-1.36315,21.1376
-0.671631,-1.39427,20.7277
-0.742212,-1.43301,20.3272
-0.810139,-1.47957,19.9359
-0.87642,-1.53416,19.5537
-0.941986,-1.59703,19.1806
-1.00771,-1.66848,18.8166
-1.07441,-1.74887,18.4616
-1.14285,-1.83862,18.1157
-1.2138,-1.9382,17.779
-1.28797,-2.04817,17.4517
-1.36608,-2.16918,17.1338
-1.44883,-2.30193,16.8257
-1.53694,-2.44722,16.5276
-1.63113,-2.60594,16.2399
-1.73215,-2.77909,15.9632
-1.84078,-2.96773,15.6979
-1.95782,-3.17305,15.4448
-2.08411,-3.39633,15.2046
-2.22057,-3.63894,14.9785
-2.36811,-3.90236,14.7675
-2.52776,-4.18815,14.5731
-2.70055,-4.49795,14.3969
-2.88762,-4.83348,14.2409
-3.09013,-5.19649,14.1073
-3.30931,-5.58875,13.9987
-3.54645,-6.01198,13.9183
-3.80286,-6.46783,13.8697
-4.07989,-6.95779,13.8569
-4.37889,-7.48307,13.8848
-4.70116,-8.0445,13.9588
-5.04795,-8.64236,14.085
-5.42038,-9.27619,14.2704
-5.81938,-9.94456,14.5225
-6.24558,-10.6448,14.8498
-6.69923,-11.3726,15.2613
-7.18005,-12.1217,15.7663
-7.68711,-12.8836,16.3745
-8.21859,-13.6471,17.0951
-8.77167,-14.3978,17.9364
-9.34223,-15.1182,18.9053
-9.92475,-15.7872,20.0058
-10.5121,-16.3807,21.2381
-11.0952,-16.8719,22.5976
-11.6635,-17.2325,24.0734
-12.2046,-17.434,25.6472
-12.7046,-17.4499,27.2929
-13.1486,-17.2583,28.9767
-13.5215,-16.8444,30.6577
-13.8084,-16.2028,32.2897
-13.9962,-15.3397,33.8247
-14.074,-14.2737,35.2157
-14.0343,-13.0351,36.4212
-13.8738,-11.6641,37.4085
-13.5935,-10.2076,38.1564
-13.1992,-8.71534,38.6569
-12.7007,-7.23555,38.9144
-12.1111,-5.81146,38.9452
-11.4463,-4.47846,38.7737
-10.7234,-3.26258,38.4301
-9.95996,-2.18017,37.9471
-9.17294,-1.23859,37.357
-8.37804,-0.437583,36.6895
-7.58913,0.229043,35.9707
-6.81795,0.771618,35.2224
-6.07402,1.20301,34.4616
-5.36463,1.53729,33.7014
-4.69506,1.78868,32.9512
-4.06875,1.97084,32.2171
-3.48753,2.09644,31.5031
-2.95194,2.17682,30.8112
-2.46144,2.22196,30.1422
-2.01468,2.24048,29.4959
-1.60966,2.23965,28.8718
-1.24395,2.2256,28.2686
-0.914808,2.20334,27.6852
-0.619333,2.177,27.1205
-0.354544,2.14989,26.5731
-0.11746,2.12467,26.0419
0.0948399,2.10341,25.5261
0.285174,2.08777,25.0246
0.45623,2.079,24.5368
0.610546,2.07807,24.0619
0.7505,2.08574,23.5995
0.878305,2.10258,23.1491
0.996011,2.12904,22.7104
1.10552,2.16548,22.283
1.20856,2.21223,21.8669
1.30676,2.26958,21.4618
1.4016,2.33782,21.0677
1.49445,2.41726,20.6846
1.58657,2.50824,20.3126
1.67916,2.61116,19.9518
1.77333,2.72646,19.6023
1.87013,2.85465,19.2645
1.97056,2.99631,18.9386
2.0756,3.15208,18.6252
2.18617,3.32269,18.3247
2.3032,3.50894,18.0377
2.42762,3.71172,17.7651
2.56033,3.93197,17.5076
2.70226,4.17071,17.2665
2.85433,4.42902,17.0428
3.01751,4.70802,16.8381
3.19276,5.00887,16.654
3.38107,5.33273,16.4925
3.58343,5.68074,16.3557
3.80087,6.05399,16.2463
4.03439,6.45345,16.1671
4.28501,6.87992,16.1215
4.55369,7.33397,16.1132
4.84136,7.81582,16.1464
5.14884,8.32524,16.2258
5.47685,8.86141,16.3565
5.82589,9.42275,16.5441
6.19626,10.0068,16.7947
6.58792,10.6098,17.1145
7.00042,11.2269,17.5102
7.4328,11.8515,17.9881
7.88351,12.4751,18.5544
8.35021,13.0874,19.2145
8.82973,13.676,19.9726
9.3179,14.2263,20.8312
9.80947,14.7216,21.7901
10.298,15.1439,22.8461
10.7759,15.4737,23.9922
11.2345,15.6918,25.2166
11.664,15.7794,26.5029
12.054,15.7205,27.8295
12.3937,15.5028,29.1702
12.6723,15.1191,30.4949
12.8798,14.5691,31.7712
13.0075,13.8599,32.9661
13.0484,13.0062,34.0483
12.998,12.0298,34.9901
12.8547,10.9585,35.7698
12.6197,9.82407,36.3731
12.2975,8.65987,36.7937
11.895,7.49864,37.0331
11.4217,6.37023,37.1003
10.8886,5.29999,37.01
10.3081,4.3077,36.7809
9.69279,3.40715,36.4341
9.05508,2.60631,35.9912
8.40681,1.90795,35.4731
7.75868,1.31051,34.8991
7.12006,0.809108,34.2857
6.49887,0.396537,33.6471
5.90147,0.0641391,32.9947
5.3328,-0.197437,32.3375
4.79639,-0.397654,31.6821
4.29458,-0.545661,31.0334
3.82861,-0.650012,30.3948
3.39884,-0.718487,29.7684
3.00491,-0.758013,29.1555
2.64585,-0.774642,28.5567
2.32028,-0.773577,27.9722
2.02647,-0.759224,27.4018
1.76247,-0.735263,26.8452
1.52621,-0.704725,26.3019
1.31556,-0.670071,25.7715
1.12838,-0.63327,25.2533
0.962544,-0.595872,24.7469
0.81603,-0.559073,24.2518
0.686894,-0.523775,23.7675
0.573306,-0.490638,23.2938
0.473557,-0.460127,22.83
0.386064,-0.432551,22.3761
0.309371,-0.408098,21.9316
0.242148,-0.38686,21.4962
0.183186,-0.368862,21.0698
0.131393,-0.354077,20.652
0.0857816,-0.342447,20.2427
0.0454684,-0.333891,19.8416
0.00966052,-0.32832,19.4487
-0.0223503,-0.325643,19.0636
-0.0511967,-0.325775,18.6862
-0.0774434,-0.328642,18.3164
-0.101595,-0.334184,17.954
-0.124104,-0.34236,17.5989
-0.145375,-0.35315,17.2509
-0.165775,-0.366555,16.9098
-0.185636,-0.382601,16.5756
-0.205265,-0.40134,16.2482
-0.224942,-0.42285,15.9273
-0.244932,-0.447236,15.6129
-0.265484,-0.474635,15.305
-0.286841,-0.505211,15.0032
-0.309236,-0.539162,14.7077
-0.332904,-0.57672,14.4182
-0.358078,-0.618151,14.1348
-0.384999,-0.663762,13.8572
-0.413915,-0.713898,13.5856
-0.445084,-0.768949,13.3197
-0.478782,-0.829352,13.0596
-0.515299,-0.895597,12.8053
-0.55495,-0.968228,12.5566
-0.598072,-1.04785,12.3138
-0.645033,-1.13514,12.0766
-0.696232,-1.23083,11.8454
-0.752105,-1.33576,11.62
-0.813128,-1.45082,11.4007
-0.879826,-1.57704,11.1876
-0.952771,-1.71551,10.981
-1.03259,-1.86746,10.7812
-1.11999,-2.03423,10.5885
-1.21571,-2.2173,10.4034
-1.3206,-2.4183,10.2265
-1.43557,-2.63899,10.0585
-1.56163,-2.88132,9.90023
-1.69989,-3.1474,9.75284
-1.85155,-3.43953,9.6176
-2.01795,-3.76019,9.49609
-2.2005,-4.11204,9.39022
-2.4008,-4.49794,9.30229
-2.62052,-4.9209,9.23511
-2.8615,-5.38407,9.19202
-3.12571,-5.89069,9.17702
-3.41522,-6.44405,9.19493
-3.73222,-7.04732,9.25145
-4.07901,-7.70352,9.35337
-4.4579,-8.41522,9.50865
-4.87124,-9.18437,9.72667
-5.32126,-10.0119,10.0183
-5.81001,-10.8974,10.3959
-6.33924,-11.8384,10.8737
-6.91014,-12.8298,11.4674
-7.52317,-13.8632,12.194
-8.17773,-14.9257,13.0716
-8.87181,-15.9992,14.1182
-9.60159,-17.0596,15.351
-10.3609,-18.0754,16.7843
-11.141,-19.0081,18.4272
-11.9298,-19.8119,20.2815
-12.7117,-20.4356,22.3378
-13.4676,-20.8244,24.5731
-14.175,-20.9249,26.948
-14.8088,-20.6902,29.4056
-15.3423,-20.0864,31.8728
-15.749,-19.0993,34.264
-16.0049,-17.7395,36.4875
-16.0904,-16.0449,38.4548
-15.9929,-14.0793,40.0906
-15.7077,-11.9266,41.341
-15.2397,-9.68226,42.18
-14.6021,-7.44214,42.6106
-13.8157,-5.29302,42.6627
-12.907,-3.30471,42.3859
-11.9054,-1.52595,41.8421
-10.8411,0.0161399,41.0974
-9.74324,1.31382,40.2147
-8.63788,2.37473,39.2497
-7.5475,3.21727,38.2479
-6.49028,3.86625,37.244
-5.48015,4.34924,36.263
-4.5271,4.69397,35.321
-3.63755,4.92652,34.4273
-2.815,5.07036,33.5862
-2.06048,5.1459,32.7981
-1.37318,5.17044,32.0613
-0.750813,5.15836,31.3724
-0.190111,5.12143,30.7275
0.312908,5.06912,30.1224
0.762648,5.00899,29.553
1.16374,4.947,29.0155
1.52086,4.88777,28.5065
1.83864,4.83487,28.023
2.12157,4.791,27.5626
2.37392,4.75818,27.1232
2.59972,4.73788,26.7031
2.80276,4.73114,26.301
2.98652,4.73869,25.916
3.15422,4.76097,25.5472
3.3088,4.79826,25.1943
3.45296,4.8507,24.8569
3.58912,4.9183,24.535
3.71949,5.00103,24.2286
3.84606,5.0988,23.938
3.9706,5.21147,23.6634
4.09474,5.33889,23.4055
4.21989,5.4809,23.1647
4.34734,5.6373,22.9417
4.47824,5.80788,22.7374
4.61358,5.99239,22.5527
4.75427,6.19055,22.3886
4.90108,6.40201,22.2462
5.05466,6.62635,22.1267
5.21558,6.86304,22.0315
5.38429,7.11144,21.9618
5.56111,7.37074,21.9193
5.74627,7.63997,21.9054
5.93986,7.91794,21.9216
6.14184,8.20318,21.9697
6.35204,8.494,22.051
6.57009,8.78833,22.1672
6.79548,9.08382,22.3196
7.02749,9.37771,22.5093
7.26518,9.66687,22.7375
7.5074,9.9478,23.0046
7.75275,10.2166,23.3109
7.99957,10.4691,23.6561
8.24596,10.7007,24.0392
8.48975,10.9067,24.4586
8.7285,11.0822,24.9118
8.95957,11.2225,25.3955
9.18011,11.323,25.9054
9.38712,11.3793,26.4363
9.57751,11.3879,26.9821
9.74816,11.3457,27.5359
9.89602,11.251,28.0901
10.0182,11.1028,28.6363
10.1121,10.9018,29.1664
10.1755,10.6497,29.6717
10.2065,10.3499,30.1442
10.2038,10.0068,30.5763
10.1669,9.62608,30.9612
10.0958,9.21447,31.2935
9.99101,8.77932,31.5688
9.85399,8.32839,31.7843
9.68664,7.86955,31.9386
9.49149,7.41046,32.0316
9.2715,6.95832,32.0647
9.03002,6.51961,32.0403
8.77065,6.09997,31.9618
8.49715,5.70405,31.8333
8.21329,5.33549,31.6594
7.92281,4.99694,31.445
7.62928,4.69009,31.1951
7.33605,4.41577,30.9144
7.0462,4.17408,30.6079
6.76249,3.96451,30.2798
6.48735,3.78605,29.9342
6.22287,3.63733,29.5748
5.97077,3.51674,29.2049
5.73248,3.42251,28.8275
5.5091,3.35281,28.445
5.30145,3.30582,28.0598
5.11012,3.27978,27.6737
4.93547,3.27304,27.2886
4.77767,3.28406,26.9057
4.63673,3.31148,26.5265
4.51256,3.3541,26.1521
4.40496,3.41086,25.7835
4.31364,3.48089,25.4216
4.23829,3.56348,25.0672
4.17856,3.65806,24.7212
4.13407,3.76421,24.3843
4.10447,3.88165,24.0573
4.08939,4.01019,23.7409
4.08852,4.14978,23.4359
4.10155,4.30042,23.1431
4.12821,4.46223,22.8632
4.16828,4.63535,22.5973
4.22157,4.82,22.3461
4.28793,5.0164,22.1107
4.36723,5.22481,21.8922
4.45942,5.44546,21.6918
4.56443,5.67858,21.5107
4.68224,5.92434,21.3502
4.81285,6.18283,21.212
4.95624,6.45406,21.0975
5.11241,6.7379,21.0084
5.28132,7.03405,20.9467
5.46292,7.34203,20.9142
5.6571,7.66111,20.913
5.86365,7.99025,20.9452
6.0823,8.32813,21.013
6.31266,8.67299,21.1185
6.55416,9.02268,21.2639
6.80609,9.37456,21.4513
7.06751,9.72547,21.6825
7.33725,10.0717,21.9592
7.61387,10.409,22.2825
7.89564,10.7325,22.6531
8.18049,11.0368,23.071
8.46604,11.3161,23.5355
8.74954,11.5643,24.0449
9.02791,11.7748,24.5962
9.29774,11.9412,25.1855
9.55534,12.0573,25.8073
9.7968,12.1173,26.455
10.0181,12.1162,27.1205
10.2151,12.0501,27.7945
10.3838,11.9166,28.467
10.5204,11.7148,29.1269
10.6216,11.4459,29.7631
10.6844,11.1127,30.3642
10.7066,10.7204,30.9197
10.6868,10.2757,31.42
10.6244,9.78694,31.8567
10.5196,9.26379,32.2235
10.3738,8.71663,32.5157
10.189,8.15614,32.7309
9.96831,7.59289,32.8687
9.71526,7.03681,32.9307
9.4341,6.4969,32.9201
9.12941,5.9809,32.8415
8.80603,5.49516,32.7005
8.46887,5.04452,32.5034
8.12274,4.63238,32.257
7.77229,4.26075,31.9679
7.42182,3.93044,31.6428
7.07525,3.64119,31.2876
6.73609,3.39192,30.9083
6.40735,3.18088,30.5099
6.09157,3.00587,30.0969
5.79082,2.86442,29.6734
5.50676,2.75388,29.2428
5.24059,2.67158,28.8079
4.99319,2.61492,28.3712
4.76507,2.58141,27.9348
4.5565,2.56877,27.5004
4.3675,2.57491,27.0693
4.1979,2.59799,26.6429
4.04739,2.63639,26.2221
3.91554,2.68876,25.8077
3.80185,2.75396,25.4005
3.70577,2.83107,25.0013
3.62672,2.91939,24.6105
3.56411,3.01839,24.2288
3.51739,3.12775,23.8567
3.48601,3.24728,23.4947
3.46949,3.37692,23.1435
3.46736,3.51677,22.8035
3.47925,3.66703,22.4754
3.50482,3.82797,22.1599
3.5438,3.99997,21.8576
3.596,4.18347,21.5694
3.66126,4.37897,21.296
3.73952,4.58698,21.0385
3.83076,4.80806,20.7979
3.935,5.04279,20.5754
4.05235,5.29171,20.3722
4.18292,5.55533,20.1899
4.32689,5.83412,20.0299
4.48444,6.12847,19.8942
4.65576,6.43862,19.7845
4.84107,6.76469,19.7031
5.04054,7.10658,19.6521
5.25432,7.46395,19.6343
5.48248,7.83615,19.6521
5.72503,8.22217,19.7084
5.98185,8.62054,19.8062
6.25265,9.02929,19.9485
6.53699,9.44586,20.1384
6.83415,9.867,20.3789
7.14318,10.2887,20.6728
7.46277,10.7063,21.0226
7.79126,11.114,21.4304
8.12655,11.5054,21.8976
8.4661,11.8732,22.4245
8.80686,12.2092,23.0105
9.14529,12.5048,23.6536
9.47733,12.751,24.3501
9.79844,12.9386,25.0944
10.1036,13.0588,25.879
10.3877,13.1035,26.6945
10.645,13.0659,27.5294
10.87,12.9411,28.3704
11.0574,12.7261,29.2029
11.2022,12.421,30.0114
11.2998,12.0285,30.7801
11.3469,11.5546,31.4936
11.3407,11.008,32.1381
11.2801,10.4,32.7012
11.1649,9.74409,33.1736
10.9966,9.05493,33.5484
10.7777,8.34783,33.8225
10.5121,7.63783,33.9954
10.2046,6.93908,34.0698
9.86097,6.26415,34.0509
9.4874,5.62362,33.9458
9.09043,5.02587,33.7631
8.67668,4.47695,33.5122
8.25259,3.9807,33.2028
7.82426,3.5389,32.8443
7.39729,3.15162,32.4457
6.97669,2.81749,32.0153
6.56678,2.53403,31.5605
6.17124,2.29801,31.0877
5.79302,2.10567,30.6023
5.43444,1.95304,30.1089
5.09721,1.83605,29.6113
4.78251,1.75076,29.1126
4.49102,1.69341,28.615
4.22302,1.66055,28.1206
3.97845,1.64903,27.6309
3.75698,1.65607,27.1469
3.55806,1.67926,26.6697
3.38097,1.71652,26.1998
3.22488,1.76613,25.7379
3.08891,1.82668,25.2844
2.97212,1.89704,24.8395
2.87358,1.97636,24.4036
2.79238,2.06403,23.977
2.72763,2.15965,23.5599
2.67852,2.26302,23.1525
2.64429,2.37409,22.7551
2.62427,2.49298,22.368
2.61785,2.61993,21.9914
2.62453,2.75531,21.6256
2.64388,2.89959,21.2711
2.67557,3.05333,20.9282
2.71936,3.21717,20.5975
2.7751,3.39184,20.2795
2.8427,3.57811,19.9748
2.9222,3.77683,19.6842
3.01367,3.98888,19.4085
3.11731,4.21521,19.1486
3.23335,4.45675,18.9057
3.36211,4.7145,18.6811
3.50396,4.98941,18.476
3.65935,5.28245,18.2922
3.82875,5.59454,18.1316
4.01269,5.9265,17.9961
4.2117,6.27908,17.8882
4.42635,6.65284,17.8104
4.65718,7.04815,17.7658
4.90471,7.46511,17.7574
5.1694,7.90343,17.789
5.45162,8.36241,17.8643
5.75161,8.84077,17.9876
6.06944,9.33657,18.1633
6.40494,9.84704,18.396
6.75765,10.3685,18.6904
7.12676,10.8961,19.0512
7.51102,11.4238,19.4829
7.90864,11.9444,19.9892
8.31726,12.4489,20.5735
8.73382,12.9271,21.2375
9.15452,13.3675,21.9818
9.57474,13.7572,22.8048
9.98906,14.0825,23.7023
10.3912,14.3294,24.6673
10.7743,14.4841,25.6896
11.1306,14.5336,26.7557
11.4522,14.4672,27.8485
11.7309,14.2769,28.9482
11.9588,13.9585,30.0325
12.1285,13.5126,31.0774
12.2337,12.9445,32.0592
12.2693,12.2649,32.955
12.232,11.4892,33.7444
12.1206,10.6368,34.4111
11.9359,9.73009,34.9434
11.6808,8.79272,35.3349
11.3602,7.84844,35.5847
10.9809,6.91954,35.6969
10.5508,6.02571,35.6799
10.079,5.18323,35.5456
9.57488,4.40447,35.3079
9.04807,3.69785,34.9818
8.50785,3.06803,34.5828
7.96288,2.51633,34.1253
7.421,2.04134,33.6227
6.88905,1.63951,33.087
6.37283,1.30577,32.5282
5.87703,1.03412,31.9548
5.4053,0.818022,31.3736
4.96031,0.650849,30.7899
4.54387,0.526122,30.2078
4.15699,0.437729,29.6302
3.80004,0.380045,29.0595
3.47285,0.348013,28.4972
3.17481,0.337164,27.9441
2.90496,0.343624,27.401
2.66211,0.364084,26.8681
2.44487,0.395765,26.3456
2.25178,0.436374,25.8336
2.08128,0.48405,25.3319
1.93182,0.537321,24.8404
1.80187,0.595051,24.359
1.68997,0.656396,23.8875
1.59471,0.720765,23.4256
1.51476,0.787783,22.9734
1.44892,0.857255,22.5305
1.39608,0.929145,22.0969
1.35522,1.00355,21.6725
1.32546,1.08066,21.2572
1.30602,1.16079,20.8509
1.29621,1.24432,20.4535
1.29547,1.33171,20.065
1.30332,1.42346,19.6854
1.31939,1.52017,19.3147
1.3434,1.62247,18.9529
1.37515,1.73104,18.6002
1.41455,1.84662,18.2566
1.46157,1.97003,17.9222
1.51628,2.10211,17.5973
1.5788,2.24377,17.2822
1.64935,2.39599,16.977
1.72824,2.55982,16.6823
1.81581,2.73637,16.3984
1.91251,2.92683,16.1259
2.01885,3.13246,15.8655
2.13544,3.3546,15.6181
2.26292,3.59467,15.3844
2.40205,3.85418,15.1658
2.55363,4.13469,14.9634
2.71857,4.43785,14.779
2.89782,4.76535,14.6142
3.09243,5.11891,14.4714
3.3035,5.50027,14.3529
3.53218,5.91113,14.2617
3.77969,6.35309,14.2012
4.04728,6.82762,14.1753
4.33618,7.33594,14.1885
4.64763,7.8789,14.2458
4.98281,8.45687,14.353
5.34278,9.06953,14.5167
5.72842,9.71567,14.744
6.14039,10.3929,15.0428
6.57896,11.0975,15.4215
7.04394,11.8239,15.8892
7.53455,12.5642,16.4547
8.04921,13.3085,17.1272
8.58539,14.0436,17.9146
9.13942,14.7535,18.8239
9.70629,15.4189,19.8595
10.2795,16.0175,21.0225
10.8509,16.5243,22.3096
11.4106,16.9128,23.7122
11.9472,17.1557,25.2145
12.4478,17.2271,26.794
12.8983,17.1048,28.4202
